Pack_Price,Unit_Price,Weight_Kilograms_Clean,Unit_of_Measure_(Per_Pack),Line_Item_Quantity,Fulfill_Via,Shipment_Mode,Country,Sub_Classification,Dosage_Form,First_Line_Designation,Freight_Cost_USD_Clean
5.78,0.19,4959.0,30,47227,From RDC,Truck,Zambia,Adult,Tablet,Yes,9973.51
17.0,0.57,33.0,30,535,From RDC,Air,Ethiopia,Adult,Tablet,Yes,755.5
5.54,0.18,2566.0,30,1161,From RDC,Air Charter,Nigeria,Adult,Tablet,Yes,16532.5
3.75,0.06,825.0,60,14789,From RDC,Truck,Tanzania,Pediatric,Tablet,Yes,5137.06
20.0,0.8,206.0,25,659,Direct Drop,Air,Côte d'Ivoire,HIV test,Test kit,Yes,2656.12
5.56,0.09,8491.0,60,81270,From RDC,Truck,Mozambique,Adult,Tablet,Yes,10605.03
19.92,0.66,277.0,30,2389,From RDC,Air Charter,Nigeria,Adult,Tablet,Yes,18495.9
4.15,0.07,78.0,60,1152,From RDC,Air,Others,Pediatric,Tablet,Yes,1342.44
8.23,0.27,5154.0,30,10114,From RDC,Truck,Zimbabwe,Adult,Tablet,No,12956.94
8.36,0.14,2275.0,60,25000,Direct Drop,Ocean,South Africa,Adult,Tablet,Yes,3073.74
2.02,0.01,512.0,240,1177,From RDC,Air,Mozambique,Pediatric,Oral,Yes,3415.72
9.62,0.16,6889.0,60,9577,From RDC,Truck,Côte d'Ivoire,Adult,Tablet,Yes,24138.35
3.09,0.05,550.0,60,9300,Direct Drop,Air,Rwanda,Adult,Tablet,Yes,3054.13
3.6,0.06,2205.0,60,36000,Direct Drop,Air,Tanzania,Pediatric,Tablet,Yes,9815.52
2.1,0.01,1596.0,240,4000,From RDC,Air,Haiti,Pediatric,Oral,Yes,16840.67
9.1,1.0,205.0,100,418,Direct Drop,Air,Others,HIV test,Test kit,Yes,6455.37
3.55,0.12,953.0,30,8000,Direct Drop,Air,Vietnam,Adult,Tablet,No,1593.67
50.0,0.28,9.0,180,36,Direct Drop,Air,Uganda,Adult,Capsule,Yes,286.0
2.37,0.04,6196.0,60,19177,Direct Drop,Ocean,South Africa,Adult,Tablet,No,1220.84
32.0,0.16,191.0,20,35,Direct Drop,Air,Others,HIV test,Test kit,Yes,2796.58
3.15,0.01,3732.0,240,9630,Direct Drop,Air,South Africa,Pediatric,Oral,Yes,4876.34
9.1,0.16,679.0,40,603,Direct Drop,Air,Côte d'Ivoire,HIV test,Test kit,Yes,9698.22
2.1,0.01,5752.0,240,2867,From RDC,Air,Côte d'Ivoire,Pediatric,Oral,Yes,18607.76
31.0,0.16,678.0,20,2400,Direct Drop,Air,Côte d'Ivoire,HIV test,Test kit,Yes,9253.44
16.96,0.09,132.0,180,230,From RDC,Air Charter,Haiti,Pediatric,Oral,Yes,8329.13
9.71,0.11,103.0,90,811,From RDC,Truck,Zimbabwe,Pediatric,Capsule,Yes,1224.02
3.57,0.12,1751.0,30,20370,Direct Drop,Air,Rwanda,Adult,Tablet,Yes,13244.8
7.11,0.24,8709.0,30,107175,From RDC,Truck,Zambia,Adult,Tablet,Yes,7317.47
9.1,0.89,1058.0,100,2352,Direct Drop,Air,Nigeria,HIV test,Test kit,Yes,21683.23
32.0,0.16,880.0,20,3000,Direct Drop,Air,Zambia,HIV test,Test kit,Yes,7616.19
2.1,0.01,1120.0,240,3200,From RDC,Air,Zambia,Pediatric,Oral,Yes,8185.2
8.76,0.15,1787.0,60,31000,From RDC,Air,Ethiopia,Adult,Tablet,Yes,10073.76
2.1,0.01,1122.0,240,2907,From RDC,Truck,Côte d'Ivoire,Pediatric,Oral,Yes,5520.83
7.3,0.12,3458.0,60,66793,Direct Drop,Ocean,South Africa,Adult,Tablet,Yes,3787.72
8.38,0.14,23.0,60,400,Direct Drop,Air,Vietnam,Adult,Tablet,Yes,2149.05
9.1,0.78,1306.0,100,7587,Direct Drop,Air,Mozambique,HIV test,Test kit,Yes,26532.85
24.5,0.16,240.0,1,350,Direct Drop,Air,Haiti,HIV test,Test kit,Yes,3126.61
7.2,0.12,1237.0,60,138325,From RDC,Air,Mozambique,Adult,Tablet,No,9161.95
36.16,0.3,36.0,120,60,Direct Drop,Air,Uganda,Adult,Tablet,Yes,814.04
32.0,0.16,515.0,20,1500,Direct Drop,Air,Others,HIV test,Test kit,Yes,8576.8
29.0,0.16,15.0,20,44,Direct Drop,Air,Ethiopia,HIV test,Test kit,Yes,218.75
20.0,0.8,25.0,25,70,Direct Drop,Air,Others,HIV test,Test kit,Yes,648.95
9.1,0.86,18.0,120,98,Direct Drop,Air,Uganda,Adult,Tablet,Yes,968.25
32.0,0.16,2783.0,20,9500,Direct Drop,Air,Zambia,HIV test,Test kit,Yes,20621.1
6.6,0.11,1237.0,60,132000,From RDC,Truck,Zambia,Adult,Tablet,Yes,22520.71
2.54,0.04,71.0,60,1247,Direct Drop,Air,Vietnam,Adult,Tablet,Yes,4035.45
4.62,0.15,1906.0,30,18447,From RDC,Truck,Zambia,Adult,Tablet,Yes,2201.74
23.26,0.78,38.0,30,300,Direct Drop,Air,Vietnam,Adult,Tablet,Yes,1779.09
2.57,0.04,1237.0,60,303125,Direct Drop,Air,South Africa,Adult,Tablet,Yes,20134.62
9.1,1.17,219.0,60,995,From RDC,Air,Côte d'Ivoire,Adult,Tablet,Yes,1392.0
12.5,0.05,557.0,240,1489,From RDC,Air,Rwanda,Pediatric,Oral,Yes,5044.26
2.1,0.01,100.0,240,156,From RDC,Truck,Côte d'Ivoire,Pediatric,Oral,Yes,396.32
2.16,0.04,117.0,60,2131,From RDC,Air,Uganda,Adult,Tablet,Yes,2005.48
23.0,0.16,197.0,1,260,Direct Drop,Air,Haiti,HIV test,Test kit,Yes,2708.04
7.0,0.12,6041.0,60,67271,From RDC,Truck,Zambia,Adult,Tablet,Yes,10651.44
2.44,0.04,1237.0,60,18867,From RDC,Truck,Zambia,Adult,Tablet,Yes,7317.47
4.8,0.08,3998.0,60,19760,Direct Drop,Air,Vietnam,Adult,Tablet,Yes,12974.12
9.1,0.72,69.0,100,300,Direct Drop,Air,Others,HIV test,Test kit,Yes,1398.6
2.95,0.05,7095.0,60,7150,From RDC,Truck,Zimbabwe,Adult,Tablet,No,5530.11
11.22,0.19,1237.0,60,141764,From RDC,Air Charter,Nigeria,Adult,Tablet,Yes,43548.0
3.5,0.12,4792.0,30,56352,Direct Drop,Air,Haiti,Adult,Tablet,Yes,30046.84
8.26,0.14,1237.0,60,39600,From RDC,Truck,Mozambique,Adult,Tablet,Yes,15814.01
32.0,0.16,1131.0,20,3400,Direct Drop,Air,Rwanda,HIV test,Test kit,Yes,22370.64
12.42,0.41,1636.0,30,18451,From RDC,Air,Tanzania,Adult,Tablet,Yes,6195.24
5.0,0.05,186.0,100,153,Direct Drop,Air,Others,HIV test - Ancillary,Test kit,No,5346.38
1.95,0.01,736.0,240,2000,From RDC,Truck,Côte d'Ivoire,Pediatric,Oral,Yes,4747.87
30.82,0.1,5060.0,300,5362,Direct Drop,Air,Zimbabwe,Pediatric,Oral,Yes,44952.61
6.38,0.21,1283.0,30,4917,From RDC,Air,Others,Adult,Tablet,Yes,12862.56
2.66,0.04,1456.0,60,26400,From RDC,Air,Haiti,Adult,Tablet,Yes,25493.03
7.71,0.13,665.0,60,5625,Direct Drop,Air,Zimbabwe,Pediatric,Tablet,Yes,7549.41
20.5,0.82,437.0,25,1400,Direct Drop,Air,Côte d'Ivoire,HIV test,Test kit,Yes,5924.89
3.3,0.11,2210.0,30,25741,Direct Drop,Air,Tanzania,Adult,Tablet,Yes,9452.02
9.1,0.16,1101.0,40,1000,Direct Drop,Air,Côte d'Ivoire,HIV test,Test kit,Yes,8074.03
10.0,0.33,4161.0,30,50040,From RDC,Air Charter,Nigeria,Adult,Tablet,Yes,11637.64
9.1,0.8,600.0,100,1250,Direct Drop,Air,Tanzania,HIV test,Test kit,Yes,14398.69
36.16,0.3,4794.0,120,7600,Direct Drop,Air,Côte d'Ivoire,Adult,Tablet,No,28238.31
12.12,0.13,1857.0,90,735,From RDC,Air,Haiti,Pediatric,Capsule,No,11091.78
2.87,0.05,1237.0,60,172428,Direct Drop,Ocean,South Africa,Adult,Tablet,Yes,17278.96
9.1,0.89,1241.0,100,3055,Direct Drop,Air,Nigeria,HIV test,Test kit,Yes,13325.59
9.6,0.32,1237.0,30,290000,From RDC,Air Charter,Nigeria,Adult,Tablet,Yes,69097.98
9.1,0.15,719.0,60,7840,Direct Drop,Air,Rwanda,Adult,Tablet,Yes,853.88
11.75,0.39,54.0,30,666,From RDC,Air,Côte d'Ivoire,Adult,Tablet,Yes,1713.01
27.6,0.92,47.0,30,428,Direct Drop,Air,Others,HIV test,Test kit,Yes,732.47
20.5,0.82,831.0,25,2400,Direct Drop,Air,Côte d'Ivoire,HIV test,Test kit,Yes,9254.06
2.33,0.04,955.0,60,20000,From RDC,Air,Ethiopia,Adult,Tablet,Yes,6154.8
6.2,0.03,3785.0,240,10624,From RDC,Air,Zambia,Pediatric,Oral,Yes,13116.0
3.95,0.07,2484.0,60,60000,From RDC,Truck,Zambia,Pediatric,Tablet,Yes,3613.05
32.0,0.16,170.0,20,500,Direct Drop,Air,Others,HIV test,Test kit,Yes,2865.63
2.58,0.04,1237.0,60,160786,From RDC,Air Charter,Nigeria,Adult,Tablet,No,43548.0
9.1,0.8,1357.0,100,7888,Direct Drop,Air,Others,HIV test,Test kit,Yes,12965.93
3.33,0.11,1237.0,30,39936,From RDC,Air,Haiti,Adult,Tablet,Yes,161712.87
32.0,0.16,1896.0,20,5920,Direct Drop,Air,Zambia,HIV test,Test kit,Yes,25136.39
10.25,0.17,909.0,60,2230,From RDC,Air,Côte d'Ivoire,Adult,Tablet,Yes,2804.0
26.25,0.88,1309.0,30,15000,From RDC,Air,Nigeria,Adult,Tablet,Yes,7463.74
9.1,0.89,36.0,100,77,Direct Drop,Air,Others,HIV test,Test kit,Yes,1712.6
4.7,0.16,1237.0,30,138974,From RDC,Truck,Zimbabwe,Adult,Tablet,Yes,14451.68
7.4,0.12,1000.0,60,10420,Direct Drop,Air,Vietnam,Adult,Tablet,Yes,7526.06
3.91,0.13,5641.0,30,66160,From RDC,Truck,Uganda,Adult,Tablet,Yes,2175.07
9.1,0.16,17.0,50,30,Direct Drop,Air,Uganda,HIV test,Test kit,Yes,660.77
12.3,0.41,1237.0,30,100619,From RDC,Truck,Zambia,Adult,Tablet,Yes,30981.39
24.5,0.16,434.0,1,600,Direct Drop,Air,Haiti,HIV test,Test kit,Yes,4209.61
33.1,0.03,500.0,1000,580,Direct Drop,Air,Others,Malaria,Tablet,Yes,3958.28
2.44,0.04,1237.0,60,99999,From RDC,Air Charter,Nigeria,Adult,Tablet,Yes,21347.12
10.29,0.17,7095.0,60,11574,From RDC,Truck,Zimbabwe,Adult,Tablet,No,5530.11
3.3,0.11,5578.0,30,64980,Direct Drop,Air,Tanzania,Adult,Tablet,Yes,18826.62
2.12,0.01,1472.0,240,3971,Direct Drop,Ocean,South Africa,Pediatric,Oral,Yes,3524.95
2.42,0.04,775.0,60,3167,From RDC,Truck,Mozambique,Adult,Tablet,Yes,3855.94
9.28,0.04,7664.0,240,20000,Direct Drop,Ocean,South Africa,Pediatric,Oral,Yes,17022.13
6.66,0.11,976.0,60,9024,From RDC,Air,Côte d'Ivoire,Adult,Tablet,Yes,12369.8
9.1,0.73,5.0,120,27,Direct Drop,Air,Uganda,Adult,Tablet,Yes,41.0
9.1,0.89,3800.0,100,9363,Direct Drop,Air,Nigeria,HIV test,Test kit,Yes,58592.54
9.1,0.89,1221.0,100,3023,Direct Drop,Air,Nigeria,HIV test,Test kit,Yes,19891.2
6.91,0.23,338.0,30,3619,Direct Drop,Ocean,South Africa,Adult,Tablet,Yes,6147.09
27.0,1.35,706.0,20,2483,Direct Drop,Air,Côte d'Ivoire,HIV test,Test kit,Yes,6150.75
2.0,0.07,9.0,30,252,Direct Drop,Air,Uganda,Pediatric,Capsule,Yes,1026.15
7.82,0.26,3549.0,30,51920,Direct Drop,Air,South Africa,Adult,Tablet,Yes,3646.13
1.41,0.02,317.0,60,5670,From RDC,Air,Côte d'Ivoire,Adult,Capsule,Yes,12648.36
2.9,0.05,5437.0,60,85111,Direct Drop,Air,South Africa,Adult,Tablet,Yes,9205.05
7.4,0.12,1420.0,60,14052,From RDC,Air,Zambia,Adult,Tablet,Yes,5780.2
32.0,0.16,468.0,20,1371,Direct Drop,Air,Others,HIV test,Test kit,Yes,5733.61
24.5,0.16,1992.0,1,2988,Direct Drop,Air,Rwanda,HIV test,Test kit,Yes,26266.34
7.11,0.24,5252.0,30,53000,From RDC,Air Charter,Nigeria,Adult,Tablet,Yes,21347.13
13.27,0.44,3943.0,30,20000,From RDC,Air Charter,Others,Adult,Tablet,Yes,67732.55
32.0,0.16,807.0,20,2334,Direct Drop,Air,Others,HIV test,Test kit,Yes,6558.08
11.22,0.19,7050.0,60,54125,From RDC,Air Charter,Nigeria,Adult,Tablet,Yes,6147.18
9.1,0.89,180.0,100,378,Direct Drop,Air,Others,HIV test,Test kit,Yes,4529.86
13.5,0.22,167.0,60,1450,From RDC,Air,Uganda,Adult,Tablet,Yes,1472.77
20.0,0.67,293.0,30,2100,Direct Drop,Air,Côte d'Ivoire,Adult,Tablet,Yes,3169.34
9.1,0.89,1248.0,100,3073,Direct Drop,Air,Nigeria,HIV test,Test kit,Yes,20602.3
2.15,0.01,1215.0,240,3286,From RDC,Air,Ethiopia,Pediatric,Oral,Yes,8586.0
6.9,0.12,2165.0,60,24480,Direct Drop,Air,Vietnam,Adult,Tablet,Yes,4443.97
8.94,0.15,6.0,60,100,Direct Drop,Air,Vietnam,Adult,Tablet,Yes,2794.34
11.22,0.19,224.0,60,1700,From RDC,Air Charter,Nigeria,Adult,Tablet,Yes,6147.18
8.26,0.14,5199.0,60,32168,From RDC,Air,Others,Adult,Tablet,Yes,585.0
2.76,0.05,959.0,60,15120,From RDC,Truck,Côte d'Ivoire,Pediatric,Tablet,Yes,4424.91
2.44,0.04,2538.0,60,3519,From RDC,Air,Uganda,Adult,Tablet,Yes,6298.34
1.45,0.01,1855.0,240,5233,From RDC,Truck,Rwanda,Pediatric,Oral,Yes,6638.3
2.24,0.07,106.0,30,1764,Direct Drop,Air,Haiti,Pediatric,Capsule,Yes,1615.07
12.01,0.4,2094.0,30,24320,From RDC,Air,Others,Adult,Tablet,Yes,4528.5
32.0,0.16,1386.0,20,4250,Direct Drop,Air,Tanzania,HIV test,Test kit,Yes,13215.15
7.82,0.26,3728.0,30,54247,Direct Drop,Air,South Africa,Adult,Tablet,Yes,3646.13
1.85,0.01,437.0,240,464,Direct Drop,Air,Vietnam,Pediatric,Oral,Yes,1222.31
17.0,0.57,256.0,30,4000,From RDC,Air,Rwanda,Adult,Tablet,Yes,12205.4
3.19,0.11,6953.0,30,111348,Direct Drop,Air,Uganda,Adult,Tablet,Yes,30711.92
6.47,0.22,3247.0,30,48000,Direct Drop,Ocean,South Africa,Adult,Tablet,Yes,7180.16
20.0,0.8,1368.0,25,307,From RDC,Truck,Zimbabwe,HIV test,Test kit,Yes,5663.0
2.9,0.05,1587.0,60,2844,From RDC,Air,Uganda,Adult,Tablet,Yes,11206.84
9.1,0.55,35.0,120,173,Direct Drop,Air,Uganda,Adult,Tablet,Yes,251.52
7.0,0.12,338.0,60,1515,Direct Drop,Air,Côte d'Ivoire,Pediatric,Tablet,Yes,2864.63
2.24,0.07,83.0,30,1428,From RDC,Air,Haiti,Pediatric,Capsule,Yes,7789.85
30.82,0.1,170.0,300,150,Direct Drop,Air,Uganda,Pediatric,Oral,Yes,2265.89
3.33,0.11,342.0,30,5568,From RDC,Air,Others,Adult,Tablet,Yes,3325.77
9.1,0.8,829.0,100,1832,Direct Drop,Air,Mozambique,HIV test,Test kit,Yes,8680.27
13.67,0.46,561.0,30,4560,Direct Drop,Air,Rwanda,Adult,Tablet,Yes,5610.17
9.04,0.15,44.0,60,300,Direct Drop,Air,Haiti,Pediatric,Tablet,Yes,1075.54
8.0,0.08,2.0,100,2,Direct Drop,Air,Others,HIV test - Ancillary,Test kit,Yes,885.49
11.35,0.19,3941.0,60,31000,From RDC,Air,Uganda,Adult,Tablet,Yes,42656.07
4.04,0.13,116.0,30,1773,From RDC,Truck,Tanzania,Adult,Tablet,Yes,2035.84
9.25,0.15,185.0,60,2016,Direct Drop,Air,Vietnam,Adult,Tablet,Yes,5551.97
7.0,0.12,52.0,60,240,Direct Drop,Air,Vietnam,Pediatric,Tablet,Yes,1516.05
21.5,0.09,124.0,240,350,From RDC,Air,Zambia,Pediatric,Oral,Yes,874.57
0.0,0.0,1088.0,240,3119,From RDC,Air,Côte d'Ivoire,Pediatric,Oral,Yes,2951.94
15.26,0.17,3337.0,90,1680,From RDC,Air,Côte d'Ivoire,Pediatric,Capsule,Yes,9936.96
3.19,0.11,3862.0,30,60000,Direct Drop,Air,Others,Adult,Tablet,Yes,25512.84
1.51,0.01,3790.0,240,9690,Direct Drop,Air,Rwanda,Pediatric,Oral,Yes,66260.33
3.4,0.06,5725.0,60,60440,From RDC,Air,Zambia,Adult,Tablet,Yes,15671.53
3.75,0.12,55.0,30,672,Direct Drop,Air,Rwanda,Adult,Tablet,Yes,1276.53
2.26,0.04,1733.0,60,19683,From RDC,Air Charter,Others,Adult,Tablet,Yes,20893.21
9.1,1.05,18.0,120,98,Direct Drop,Air,Uganda,Adult,Tablet,Yes,586.16
7.2,0.12,250.0,60,3374,From RDC,Air,Uganda,Adult,Tablet,Yes,2331.03
9.1,0.72,1409.0,100,2898,Direct Drop,Air,Zambia,HIV test,Test kit,Yes,21714.68
5.43,0.09,632.0,60,11500,Direct Drop,Air,Tanzania,Adult,Tablet,Yes,4168.19
9.1,0.8,539.0,100,1133,Direct Drop,Air,Mozambique,HIV test,Test kit,Yes,10925.46
19.71,0.16,298.0,120,1031,From RDC,Air,Others,Adult,Tablet,Yes,4353.04
3.91,0.13,2501.0,30,20000,From RDC,Air,Uganda,Adult,Tablet,Yes,18520.22
23.0,0.16,718.0,1,990,Direct Drop,Air,Ethiopia,HIV test,Test kit,Yes,6161.42
1.85,0.01,103.0,240,284,From RDC,Air,Others,Pediatric,Oral,Yes,1783.38
2.4,0.04,755.0,60,15960,Direct Drop,Air,Vietnam,Adult,Tablet,Yes,6609.02
9.45,0.16,239.0,60,1350,From RDC,Air,Uganda,Adult,Tablet,Yes,1277.22
9.1,0.8,186.0,100,431,Direct Drop,Air,Others,HIV test,Test kit,Yes,5346.38
26.09,0.43,25.0,60,240,Direct Drop,Air,Uganda,Pediatric,Capsule,Yes,915.09
8.58,0.14,7482.0,60,38976,From RDC,Truck,Mozambique,Adult,Tablet,Yes,5846.08
10.5,0.18,356.0,60,1700,Direct Drop,Air,Vietnam,Pediatric,Tablet,Yes,14982.1
9.1,0.89,1186.0,100,2744,Direct Drop,Air,Nigeria,HIV test,Test kit,Yes,24927.19
9.1,0.89,1022.0,100,2128,Direct Drop,Air,Nigeria,HIV test,Test kit,Yes,23826.25
7.3,0.08,462.0,90,7800,From RDC,Truck,Côte d'Ivoire,Pediatric,Tablet,Yes,3033.26
4.53,0.15,5491.0,30,63967,Direct Drop,Ocean,South Africa,Adult,Tablet,Yes,15331.49
9.1,0.8,1330.0,100,2939,Direct Drop,Air,Mozambique,HIV test,Test kit,Yes,13801.89
2.51,0.04,5199.0,60,45084,From RDC,Air,Others,Adult,Tablet,No,585.0
32.0,0.16,2052.0,20,6040,Direct Drop,Air,Zambia,HIV test,Test kit,Yes,24689.0
2.44,0.04,640.0,60,4400,From RDC,Air,Côte d'Ivoire,Adult,Tablet,Yes,5678.7
9.0,0.15,1716.0,60,21080,Direct Drop,Air,Rwanda,Adult,Tablet,Yes,17074.8
9.1,0.8,1462.0,100,8500,Direct Drop,Air,Others,HIV test,Test kit,Yes,14419.86
30.82,0.1,336.0,300,340,Direct Drop,Air,Côte d'Ivoire,Pediatric,Oral,Yes,3899.33
9.1,0.8,550.0,100,3199,Direct Drop,Air,Nigeria,HIV test,Test kit,Yes,8213.59
4.7,0.16,160.0,30,1920,From RDC,Air,Others,Adult,Tablet,Yes,1527.29
2.9,0.05,442.0,60,6050,From RDC,Air,Côte d'Ivoire,Adult,Tablet,Yes,5028.04
4.3,0.07,218.0,60,2027,From RDC,Air,Nigeria,Pediatric,Tablet,Yes,1941.82
32.0,0.16,1072.0,20,3750,Direct Drop,Air,Nigeria,HIV test,Test kit,Yes,16036.98
4.8,0.08,5359.0,60,5200,Direct Drop,Air,Vietnam,Adult,Tablet,No,18473.57
1.99,0.03,2383.0,60,48127,Direct Drop,Air,Zimbabwe,Pediatric,Tablet,Yes,18232.17
3.95,0.07,952.0,60,23000,From RDC,Truck,Zimbabwe,Pediatric,Tablet,Yes,1521.08
2.1,0.01,2253.0,240,6036,From RDC,Air,Uganda,Pediatric,Oral,Yes,15923.41
11.23,0.19,1237.0,60,3386,From RDC,Truck,Mozambique,Adult,Tablet,Yes,4768.06
3.95,0.07,1119.0,60,19996,From RDC,Truck,Zimbabwe,Pediatric,Tablet,Yes,1417.12
7.72,0.13,2085.0,60,10000,From RDC,Truck,Zambia,Pediatric,Tablet,Yes,3379.64
1.25,0.04,143.0,30,2303,Direct Drop,Air,Haiti,Pediatric,Tablet,Yes,2251.42
3.4,0.06,2764.0,60,50000,From RDC,Truck,Zambia,Adult,Tablet,Yes,2938.92
3.0,0.01,3206.0,240,8474,Direct Drop,Air,South Africa,Pediatric,Oral,Yes,2154.51
1.92,0.01,344.0,240,965,From RDC,Air,Côte d'Ivoire,Pediatric,Oral,Yes,1729.0
2.33,0.04,4271.0,60,96018,From RDC,Truck,Tanzania,Adult,Tablet,Yes,3825.8
32.0,0.16,2695.0,20,4926,From RDC,Air,Others,HIV test,Test kit,Yes,11898.8
9.1,0.68,83.0,120,560,Direct Drop,Air,Vietnam,Adult,Tablet,Yes,436.86
9.1,0.8,2439.0,100,6000,Direct Drop,Air,Zambia,HIV test,Test kit,Yes,30885.26
4.65,0.16,1764.0,30,18000,Direct Drop,Air Charter,Zimbabwe,Adult,Tablet,Yes,13959.22
7.78,0.13,27.0,60,336,From RDC,Air,Côte d'Ivoire,Adult,Tablet,Yes,1845.31
38.36,0.11,630.0,336,360,From RDC,Air,Côte d'Ivoire,Adult,Capsule,Yes,3660.4
3.0,0.01,4386.0,240,11640,Direct Drop,Air,South Africa,Pediatric,Oral,Yes,12917.3
27.6,0.92,145.0,30,1249,Direct Drop,Air,Others,HIV test,Test kit,Yes,1682.15
4.75,0.16,662.0,30,7500,From RDC,Air Charter,Nigeria,Adult,Tablet,Yes,9736.1
11.22,0.19,5961.0,60,45000,From RDC,Air,Others,Adult,Tablet,Yes,20144.99
11.22,0.19,1237.0,60,117367,From RDC,Truck,Uganda,Adult,Tablet,Yes,104604.06
3.4,0.06,1667.0,60,17843,From RDC,Air,Haiti,Adult,Tablet,Yes,19069.17
2.43,0.04,1237.0,60,515000,Direct Drop,Ocean,South Africa,Adult,Tablet,Yes,31656.61
23.0,0.16,4913.0,1,6998,Direct Drop,Air,Ethiopia,HIV test,Test kit,Yes,46117.09
30.82,0.1,1374.0,300,1500,Direct Drop,Air,Zambia,Pediatric,Oral,Yes,10365.13
8.13,0.14,4609.0,60,36426,Direct Drop,Air,Tanzania,Adult,Tablet,Yes,17581.92
8.26,0.14,8057.0,60,15117,From RDC,Truck,Uganda,Adult,Tablet,Yes,10734.13
10.62,0.35,9020.0,30,4000,From RDC,Truck,Zimbabwe,Adult,Tablet,Yes,14958.2
4.12,0.14,6073.0,30,91166,From RDC,Air Charter,Nigeria,Adult,Tablet,Yes,25231.96
1.92,0.01,1857.0,240,4704,From RDC,Air,Haiti,Pediatric,Oral,No,11091.78
12.42,0.41,2425.0,30,1860,From RDC,Air,Zimbabwe,Adult,Tablet,Yes,13356.65
4.12,0.14,70.0,30,1150,From RDC,Truck,Uganda,Adult,Tablet,Yes,1494.6
7.72,0.13,1237.0,60,320300,From RDC,Air Charter,Nigeria,Adult,Tablet,Yes,194623.44
7.53,0.13,553.0,60,10076,From RDC,Air Charter,Nigeria,Adult,Tablet,Yes,9736.1
5.54,0.18,4547.0,30,60000,From RDC,Air,Uganda,Adult,Tablet,Yes,30482.8
11.15,0.37,1745.0,30,15500,Direct Drop,Air,Vietnam,Adult,Tablet,Yes,3977.24
2.12,0.01,3061.0,240,8500,Direct Drop,Ocean,South Africa,Pediatric,Oral,Yes,3530.94
9.1,1.39,50.0,100,75,From RDC,Air,Haiti,HIV test,Test kit,Yes,791.84
1.92,0.01,170.0,240,475,From RDC,Air,Côte d'Ivoire,Pediatric,Oral,Yes,1301.0
50.0,0.28,994.0,180,4402,From RDC,Air,Côte d'Ivoire,Adult,Capsule,Yes,3501.0
9.1,1.0,2314.0,100,5698,Direct Drop,Air,Haiti,HIV test,Test kit,Yes,22194.09
26.09,0.43,112.0,60,1065,Direct Drop,Air,Tanzania,Pediatric,Capsule,Yes,1122.07
11.8,0.2,6036.0,60,13100,From RDC,Air,Mozambique,Adult,Tablet,Yes,3671.92
3.2,0.05,28.0,60,288,From RDC,Truck,Rwanda,Adult,Tablet,Yes,896.26
4.3,0.14,7556.0,30,96224,Direct Drop,Ocean,South Africa,Adult,Tablet,Yes,9582.53
2.58,0.04,30.0,60,534,From RDC,Truck,Uganda,Adult,Tablet,Yes,2030.0
3.75,0.06,1237.0,60,290000,From RDC,Truck,Zimbabwe,Pediatric,Tablet,Yes,18090.64
1.72,0.03,8385.0,60,960,Direct Drop,Ocean,Haiti,Adult,Tablet,Yes,12336.45
8.5,0.04,1514.0,240,4192,Direct Drop,Air,Rwanda,Pediatric,Oral,Yes,6072.8
7.82,0.26,5663.0,30,83238,Direct Drop,Air,South Africa,Adult,Tablet,Yes,5298.02
7.03,0.23,4007.0,30,58423,Direct Drop,Ocean,South Africa,Adult,Tablet,Yes,6639.33
3.12,0.1,6431.0,30,108856,From RDC,Truck,Zambia,Adult,Tablet,Yes,43219.06
8.11,0.14,1237.0,60,40000,From RDC,Truck,Others,Adult,Tablet,Yes,15571.48
12.01,0.4,239.0,30,1300,From RDC,Air,Uganda,Adult,Tablet,No,1277.22
8.76,0.15,67.0,60,685,From RDC,Air,Uganda,Adult,Tablet,Yes,1122.87
32.0,0.16,1907.0,20,5500,Direct Drop,Air,Zambia,HIV test,Test kit,Yes,17975.84
30.82,0.1,2583.0,300,2625,Direct Drop,Air,Zimbabwe,Pediatric,Oral,Yes,20559.39
11.22,0.19,3570.0,60,28868,From RDC,Air Charter,Nigeria,Adult,Tablet,Yes,6147.18
10.25,0.34,1255.0,30,2361,From RDC,Truck,Uganda,Adult,Tablet,Yes,4438.0
25.0,0.16,6.0,3,10,Direct Drop,Air,Others,HIV test - Ancillary,Test kit,Yes,402.42
7.0,0.12,23.0,60,240,From RDC,Air,Uganda,Adult,Tablet,Yes,1173.1
1.95,0.01,1237.0,240,26807,From RDC,Truck,Mozambique,Pediatric,Oral,Yes,14700.0
32.0,0.16,2.0,20,5,Direct Drop,Air,Others,HIV test,Test kit,Yes,12561.4
10.52,0.35,6107.0,30,46600,From RDC,Truck,Côte d'Ivoire,Adult,Tablet,Yes,23753.64
9.81,0.16,637.0,60,4879,From RDC,Truck,Uganda,Adult,Tablet,Yes,5081.05
12.96,0.43,7722.0,30,59615,From RDC,Air Charter,Nigeria,Adult,Tablet,Yes,14547.55
35.8,0.6,95.0,60,957,From RDC,Air,Côte d'Ivoire,Adult,Tablet,Yes,1448.0
2.22,0.04,513.0,60,270,From RDC,Air,Others,Adult,Tablet,Yes,4934.43
5.94,0.1,76.0,60,612,Direct Drop,Air,Haiti,Pediatric,Tablet,Yes,1259.05
3.47,0.12,48.0,30,1030,From RDC,Air,Zambia,Pediatric,Capsule,Yes,574.56
9.45,0.16,2166.0,60,7558,From RDC,Air,Haiti,Adult,Tablet,Yes,20578.2
10.28,0.17,17.0,60,90,Direct Drop,Air,Haiti,Pediatric,Tablet,Yes,693.54
2.51,0.04,190.0,60,3262,From RDC,Truck,Uganda,Adult,Tablet,Yes,1095.22
0.0,0.0,1257.0,100,3039,Direct Drop,Air,Tanzania,HIV test,Test kit,Yes,21351.18
32.0,0.16,60.0,20,167,Direct Drop,Air,Ethiopia,HIV test,Test kit,Yes,911.32
2.44,0.04,7095.0,60,20000,From RDC,Truck,Zimbabwe,Adult,Tablet,No,5530.11
6.54,0.11,1237.0,60,1530,From RDC,Truck,Uganda,Adult,Tablet,Yes,23809.39
8.26,0.14,4009.0,60,34138,From RDC,Truck,Uganda,Adult,Tablet,Yes,4947.38
1.9,0.01,960.0,240,500,Direct Drop,Air,Vietnam,Pediatric,Oral,No,13762.41
9.1,0.72,46.0,100,200,Direct Drop,Air,Others,HIV test,Test kit,Yes,1028.18
1.25,0.04,81.0,30,1014,Direct Drop,Air,Others,Pediatric,Tablet,No,2782.94
3.81,0.13,1237.0,30,155202,From RDC,Truck,Zambia,Adult,Tablet,Yes,7317.48
2.9,0.05,125.0,60,1300,From RDC,Air,Uganda,Adult,Tablet,Yes,2697.65
20.5,0.17,2846.0,120,9980,From RDC,Air,Nigeria,Adult,Tablet,Yes,13873.0
2.44,0.01,2575.0,240,1000,Direct Drop,Air,Vietnam,Pediatric,Oral,No,18772.94
8.0,0.08,2.0,100,2,Direct Drop,Air,Others,HIV test - Ancillary,Test kit,Yes,980.7
9.1,0.7,461.0,100,2024,Direct Drop,Air,Tanzania,HIV test,Test kit,Yes,6923.2
9.1,0.89,976.0,100,2044,Direct Drop,Air,Nigeria,HIV test,Test kit,Yes,26014.88
9.1,0.7,986.0,100,4327,Direct Drop,Air,Rwanda,HIV test,Test kit,Yes,26574.61
8.26,0.14,1440.0,60,15000,From RDC,Air,Others,Adult,Tablet,Yes,6477.67
1.95,0.01,1072.0,240,2463,From RDC,Air,Others,Pediatric,Oral,No,5636.3
36.16,0.3,1604.0,120,7145,Direct Drop,Air,Tanzania,Adult,Tablet,Yes,9915.56
4.15,0.07,678.0,60,10508,Direct Drop,Air,Vietnam,Pediatric,Tablet,Yes,2148.1
2.9,0.05,1258.0,60,12873,From RDC,Air,Ethiopia,Adult,Tablet,Yes,6027.68
7.2,0.12,3679.0,60,50000,From RDC,Truck,Zambia,Adult,Tablet,Yes,5014.65
7.72,0.13,4050.0,60,45000,From RDC,Air,Côte d'Ivoire,Adult,Tablet,Yes,11592.26
26.25,0.88,14.0,30,143,From RDC,Air,Nigeria,Adult,Tablet,Yes,6443.61
4.75,0.16,358.0,30,2579,From RDC,Air,Uganda,Adult,Tablet,Yes,2485.92
8.76,0.15,1454.0,60,16019,From RDC,Air,Ethiopia,Adult,Tablet,Yes,5187.5
9.1,0.89,1233.0,100,1,Direct Drop,Air,Others,HIV test,Test kit,Yes,13753.58
7.12,0.12,120.0,60,1604,From RDC,Truck,Mozambique,Adult,Tablet,Yes,1799.88
4.5,0.04,9.0,100,120,Direct Drop,Air,Haiti,Pediatric,Capsule,Yes,820.56
3.4,0.06,3146.0,60,32358,From RDC,Air,Zambia,Adult,Tablet,Yes,13332.0
9.1,0.8,97.0,100,212,Direct Drop,Air,Mozambique,HIV test,Test kit,Yes,1910.93
19.9,0.66,1081.0,30,9000,Direct Drop,Air,Tanzania,Adult,Tablet,Yes,5834.1
24.5,0.16,3996.0,1,5994,Direct Drop,Air,Rwanda,HIV test,Test kit,Yes,53062.21
2.51,0.04,1237.0,60,17376,From RDC,Air Charter,Nigeria,Adult,Tablet,Yes,13398.06
1.45,0.01,267.0,200,2950,From RDC,Air,Zambia,Pediatric,Oral,Yes,3094.0
4.51,0.15,2808.0,30,32083,Direct Drop,Ocean,South Africa,Adult,Tablet,Yes,630.5
32.0,0.16,17.0,20,26,Direct Drop,Air,Ethiopia,HIV test,Test kit,Yes,334.65
2.24,0.07,200.0,30,3444,From RDC,Air,Côte d'Ivoire,Pediatric,Capsule,Yes,1211.48
9.1,0.8,638.0,100,1472,Direct Drop,Air,Others,HIV test,Test kit,Yes,16189.94
10.07,0.11,93.0,90,769,From RDC,Air,Côte d'Ivoire,Pediatric,Capsule,Yes,4519.96
9.1,0.72,16.0,100,81,Direct Drop,Air,Mozambique,HIV test,Test kit,Yes,467.26
13.52,0.45,248.0,30,2756,From RDC,Truck,Côte d'Ivoire,Adult,Tablet,Yes,1933.72
3.57,0.12,262.0,30,3007,Direct Drop,Air,Rwanda,Adult,Tablet,Yes,3840.85
7.9,0.13,49.0,60,416,From RDC,Air,Others,Adult,Tablet,Yes,1465.71
9.1,0.89,1476.0,100,1,Direct Drop,Air,Others,HIV test,Test kit,Yes,91.66
6.76,0.11,2321.0,60,16258,From RDC,Truck,Zambia,Adult,Tablet,Yes,7317.48
9.1,0.79,77.0,120,430,Direct Drop,Air,Nigeria,Adult,Tablet,Yes,729.03
4.0,0.07,449.0,60,9500,From RDC,Air,Côte d'Ivoire,Pediatric,Tablet,Yes,3051.95
11.75,0.39,560.0,30,6203,From RDC,Air Charter,Nigeria,Adult,Tablet,Yes,6147.18
11.22,0.19,1237.0,60,94848,From RDC,Air Charter,Nigeria,Adult,Tablet,No,21326.73
9.1,0.68,113.0,120,434,Direct Drop,Air,Vietnam,Adult,Tablet,Yes,2709.98
6.83,0.03,300.0,240,375,Direct Drop,Air,Haiti,Pediatric,Oral,Yes,2949.23
7.71,0.13,551.0,60,9700,From RDC,Truck,Zambia,Adult,Tablet,Yes,2448.71
8.55,0.14,3457.0,60,40213,From RDC,Air,Uganda,Adult,Tablet,Yes,35689.71
9.1,0.72,1304.0,100,2700,Direct Drop,Air,Zambia,HIV test,Test kit,Yes,19502.09
9.1,0.7,10.0,120,50,Direct Drop,Air,Uganda,Adult,Tablet,Yes,435.0
27.0,1.35,1341.0,20,3711,Direct Drop,Air,Ethiopia,HIV test,Test kit,Yes,6112.63
27.5,0.31,142.0,90,854,From RDC,Air Charter,Nigeria,Adult,Tablet,Yes,9736.1
5.38,0.09,5154.0,60,9226,From RDC,Truck,Zimbabwe,Adult,Tablet,No,12956.94
6.86,0.23,1237.0,30,150000,Direct Drop,Ocean,South Africa,Adult,Tablet,Yes,13731.6
9.1,0.8,1318.0,100,2730,Direct Drop,Air,Zambia,HIV test,Test kit,Yes,21737.72
9.1,0.8,1415.0,100,3484,Direct Drop,Air,Others,HIV test,Test kit,Yes,33228.68
30.82,0.1,708.0,300,610,Direct Drop,Air,Haiti,Pediatric,Oral,Yes,3428.37
38.36,0.11,25.0,336,14,From RDC,Truck,Ethiopia,Adult,Capsule,Yes,505.0
4.7,0.16,142.0,30,1380,From RDC,Truck,Uganda,Adult,Tablet,Yes,1034.64
6.61,0.11,813.0,60,9227,Direct Drop,Ocean,Haiti,Adult,Tablet,Yes,1922.5
27.6,0.92,58.0,30,539,Direct Drop,Air,Others,HIV test,Test kit,Yes,871.28
9.1,0.8,766.0,100,1891,Direct Drop,Air,Rwanda,HIV test,Test kit,Yes,14125.63
32.0,0.16,2607.0,20,8018,Direct Drop,Air,Nigeria,HIV test,Test kit,Yes,28595.45
5.87,0.2,2304.0,30,337,From RDC,Truck,Tanzania,Adult,Tablet,No,5989.25
11.22,0.19,1237.0,60,53109,From RDC,Air Charter,Nigeria,Adult,Tablet,Yes,13398.06
8.15,0.14,111.0,60,1925,From RDC,Air,Haiti,Adult,Tablet,Yes,1355.06
26.25,0.88,1225.0,30,8462,From RDC,Air Charter,Nigeria,Adult,Tablet,Yes,7445.71
4.59,0.15,2829.0,30,25811,Direct Drop,Air Charter,Zimbabwe,Adult,Tablet,Yes,24936.5
1.95,0.01,224.0,240,600,From RDC,Air,Côte d'Ivoire,Pediatric,Oral,Yes,3545.1
9.3,0.1,17.0,90,266,From RDC,Truck,Zimbabwe,Pediatric,Tablet,Yes,1200.0
3.8,0.06,786.0,60,10480,From RDC,Air,Côte d'Ivoire,Adult,Tablet,Yes,11032.42
32.0,0.16,627.0,20,1883,From RDC,Air,Rwanda,HIV test,Test kit,Yes,7670.04
1.55,0.03,4228.0,60,64000,Direct Drop,Air,Ethiopia,Adult,Capsule,Yes,12237.61
13.5,0.22,5092.0,60,42700,From RDC,Air,Mozambique,Adult,Tablet,No,8118.64
8.76,0.15,4176.0,60,14875,From RDC,Air,Haiti,Adult,Tablet,No,1005.2
30.82,0.1,1309.0,300,1364,Direct Drop,Air,Zimbabwe,Pediatric,Oral,Yes,15578.89
1.4,0.02,485.0,60,630,From RDC,Truck,Mozambique,Adult,Capsule,Yes,947.52
9.1,0.8,537.0,100,1130,Direct Drop,Air,Tanzania,HIV test,Test kit,Yes,10626.8
1.99,0.03,735.0,60,10893,From RDC,Truck,Zimbabwe,Pediatric,Tablet,Yes,6331.93
3.55,0.12,2490.0,30,6000,Direct Drop,Air,Vietnam,Adult,Tablet,Yes,4545.64
29.0,0.16,128.0,20,340,Direct Drop,Air,Ethiopia,HIV test,Test kit,Yes,810.96
4.45,0.15,7225.0,30,39312,From RDC,Air,Haiti,Adult,Tablet,Yes,69748.5
9.0,0.3,1237.0,30,560,Direct Drop,Air,Haiti,Adult,Tablet,Yes,806.55
1.51,0.01,908.0,240,2052,Direct Drop,Air,Haiti,Pediatric,Oral,Yes,6438.91
22.5,0.75,775.0,30,5175,Direct Drop,Air,Tanzania,Adult,Tablet,Yes,4136.58
3.15,0.01,7367.0,240,19098,Direct Drop,Air,South Africa,Pediatric,Oral,Yes,3444.28
9.1,0.8,1284.0,100,2954,Direct Drop,Air,Côte d'Ivoire,HIV test,Test kit,Yes,125.42
1.25,0.04,575.0,30,9051,Direct Drop,Air,Uganda,Pediatric,Tablet,Yes,3231.11
7.12,0.12,9020.0,60,76000,From RDC,Truck,Zimbabwe,Adult,Tablet,No,14958.2
8.15,0.14,132.0,60,2306,From RDC,Air,Zambia,Adult,Tablet,Yes,1659.48
13.0,0.43,30.0,30,150,Direct Drop,Air,Vietnam,Adult,Capsule,Yes,4111.71
8.26,0.14,2875.0,60,30107,From RDC,Truck,Uganda,Adult,Tablet,Yes,23675.63
32.0,0.16,55.0,20,168,Direct Drop,Air,Tanzania,HIV test,Test kit,Yes,1112.11
7.25,0.12,2806.0,60,1416,Direct Drop,Air,Vietnam,Adult,Tablet,No,18207.5
15.0,0.25,147.0,60,712,Direct Drop,Air,Côte d'Ivoire,Pediatric,Tablet,Yes,1836.81
2.26,0.04,6528.0,60,32298,From RDC,Air,Uganda,Adult,Tablet,Yes,21806.84
9.28,0.04,7664.0,240,20000,Direct Drop,Ocean,South Africa,Pediatric,Oral,Yes,8301.76
6.65,0.22,4008.0,30,42938,Direct Drop,Ocean,South Africa,Adult,Tablet,Yes,6121.39
1.52,0.03,5092.0,60,120,From RDC,Air,Mozambique,Adult,Capsule,Yes,8118.64
27.0,1.35,2603.0,20,8000,Direct Drop,Air,Nigeria,HIV test,Test kit,Yes,22838.29
2.06,0.01,3670.0,240,9960,Direct Drop,Ocean,South Africa,Pediatric,Oral,Yes,9021.5
9.1,0.16,783.0,40,733,Direct Drop,Air,Côte d'Ivoire,HIV test,Test kit,Yes,7079.25
27.0,1.35,35.0,20,120,Direct Drop,Air,Others,HIV test,Test kit,Yes,379.62
4.22,0.14,434.0,30,7132,From RDC,Air,Côte d'Ivoire,Adult,Tablet,Yes,3526.27
1.67,0.03,1857.0,60,108,From RDC,Air,Haiti,Adult,Capsule,Yes,11091.78
2.44,0.04,2501.0,60,12974,From RDC,Air,Uganda,Adult,Tablet,No,18520.22
13.66,0.46,122.0,30,2016,Direct Drop,Air,Vietnam,Adult,Tablet,Yes,2864.44
4.63,0.15,3000.0,30,30000,From RDC,Truck,Côte d'Ivoire,Adult,Tablet,Yes,12748.74
9.1,0.8,405.0,100,840,Direct Drop,Air,Tanzania,HIV test,Test kit,Yes,7765.61
30.82,0.26,4213.0,120,16800,Direct Drop,Air,Côte d'Ivoire,Adult,Tablet,Yes,27376.29
9.1,0.8,256.0,100,750,Direct Drop,Air,Haiti,HIV test,Test kit,Yes,1760.32
10.52,0.35,1237.0,30,151208,From RDC,Truck,Tanzania,Adult,Tablet,Yes,13765.17
19.92,0.66,1264.0,30,11280,From RDC,Air,Côte d'Ivoire,Adult,Tablet,Yes,3380.35
2.3,0.04,1237.0,60,13000,Direct Drop,Air,Vietnam,Adult,Tablet,No,17392.05
9.1,0.7,893.0,100,3500,Direct Drop,Air,Côte d'Ivoire,HIV test,Test kit,Yes,12858.12
9.1,0.89,2575.0,100,6350,Direct Drop,Air,Nigeria,HIV test,Test kit,Yes,29274.16
4.6,0.08,338.0,60,7228,Direct Drop,Air,Côte d'Ivoire,Pediatric,Tablet,Yes,3845.67
2.26,0.04,5925.0,60,51747,From RDC,Truck,Zimbabwe,Adult,Tablet,No,13770.65
2.66,0.04,214.0,60,3690,From RDC,Air,Uganda,Adult,Tablet,Yes,5166.39
23.67,0.79,11.0,30,200,Direct Drop,Air,Nigeria,Adult,Capsule,Yes,463.0
30.0,0.5,693.0,60,4448,Direct Drop,Air,Côte d'Ivoire,Adult,Tablet,Yes,5066.44
32.0,0.16,3.0,20,10,From RDC,Air,Others,HIV test,Test kit,Yes,400.75
9.1,0.8,661.0,100,1384,Direct Drop,Air,Côte d'Ivoire,HIV test,Test kit,Yes,13740.74
9.1,0.8,3896.0,100,8200,Direct Drop,Air,Zambia,HIV test,Test kit,Yes,69016.63
12.25,0.2,136.0,60,771,Direct Drop,Air,Vietnam,Adult,Tablet,Yes,678.96
11.89,0.4,2117.0,30,17851,From RDC,Truck,Tanzania,Adult,Tablet,Yes,1663.18
9.1,0.16,48.0,100,20,Direct Drop,Air,Others,HIV test,Test kit,Yes,1681.44
5.38,0.09,2192.0,60,14770,From RDC,Air,Others,Adult,Tablet,Yes,10829.6
9.1,0.8,462.0,100,1128,Direct Drop,Air,Others,HIV test,Test kit,Yes,12205.04
4.6,0.08,2732.0,60,5024,From RDC,Truck,Côte d'Ivoire,Pediatric,Tablet,Yes,10680.14
8.64,0.1,66.0,90,487,From RDC,Air,Rwanda,Pediatric,Capsule,Yes,585.42
1.85,0.03,2175.0,60,18600,Direct Drop,Air,Vietnam,Adult,Tablet,Yes,4354.8
30.82,0.1,798.0,300,846,Direct Drop,Air,Zimbabwe,Pediatric,Oral,Yes,9299.26
10.25,0.17,909.0,60,2770,From RDC,Air,Côte d'Ivoire,Adult,Tablet,No,2804.0
2.58,0.04,4145.0,60,36576,From RDC,Truck,Tanzania,Adult,Tablet,Yes,1647.0
1.4,0.01,1857.0,200,100,From RDC,Air,Haiti,Pediatric,Oral,No,11091.78
6.75,0.11,1984.0,60,23063,Direct Drop,Air,Vietnam,Adult,Tablet,Yes,3225.12
8.97,0.3,1237.0,30,113925,From RDC,Truck,Zambia,Adult,Tablet,Yes,14325.71
8.11,0.14,7041.0,60,47108,From RDC,Truck,Mozambique,Adult,Tablet,Yes,4486.01
19.92,0.66,909.0,30,2661,From RDC,Air,Uganda,Adult,Tablet,Yes,5166.39
1.3,0.04,30.0,30,240,Direct Drop,Air,Others,Pediatric,Tablet,Yes,1678.57
5.74,0.19,2003.0,30,22002,From RDC,Truck,Tanzania,Adult,Tablet,Yes,10010.15
6.11,0.1,3955.0,60,36100,From RDC,Truck,Zimbabwe,Adult,Tablet,Yes,13208.56
10.52,0.35,1237.0,30,90000,From RDC,Truck,Zimbabwe,Adult,Tablet,Yes,15847.18
8.1,0.13,2446.0,60,17584,Direct Drop,Air,Vietnam,Adult,Tablet,Yes,4559.25
2.12,0.01,6196.0,240,14065,Direct Drop,Ocean,South Africa,Pediatric,Oral,Yes,1220.84
12.3,0.41,1237.0,30,177272,From RDC,Truck,Zambia,Adult,Tablet,No,30981.39
2.12,0.01,2068.0,240,5590,Direct Drop,Ocean,South Africa,Pediatric,Oral,Yes,3961.69
7.4,0.12,1237.0,60,90955,From RDC,Air,Mozambique,Adult,Tablet,Yes,8654.7
7.12,0.12,1237.0,60,107556,From RDC,Air,Ethiopia,Adult,Tablet,Yes,14144.68
8.61,0.14,211.0,60,2352,Direct Drop,Air,Vietnam,Adult,Tablet,Yes,892.5
5.43,0.09,1899.0,60,31528,Direct Drop,Air,Tanzania,Adult,Tablet,Yes,10879.44
2.26,0.04,1600.0,60,8834,From RDC,Air,Uganda,Adult,Tablet,Yes,8699.8
8.58,0.14,1237.0,60,142000,From RDC,Air Charter,Nigeria,Adult,Tablet,No,49199.75
9.1,0.8,588.0,100,1224,Direct Drop,Air,Zambia,HIV test,Test kit,Yes,11491.6
8.04,0.13,3868.0,60,42500,Direct Drop,Ocean,Zimbabwe,Pediatric,Tablet,Yes,16210.31
2.24,0.07,1585.0,30,1092,From RDC,Air,Haiti,Pediatric,Capsule,Yes,6811.39
9.1,0.16,40.0,25,87,Direct Drop,Air,Others,HIV test,Test kit,Yes,1333.4
3.21,0.11,1237.0,30,12710,From RDC,Truck,Mozambique,Adult,Tablet,Yes,10217.02
24.5,0.16,970.0,1,1362,Direct Drop,Air,Ethiopia,HIV test,Test kit,Yes,9718.85
9.1,0.7,274.0,100,1200,Direct Drop,Air,Others,HIV test,Test kit,Yes,3321.08
10.5,0.35,1237.0,30,200000,Direct Drop,Air,Tanzania,Adult,Tablet,Yes,127285.48
32.0,0.16,613.0,20,1460,Direct Drop,Air,Rwanda,HIV test,Test kit,Yes,5405.42
7.72,0.13,1237.0,60,234519,From RDC,Air Charter,Nigeria,Adult,Tablet,Yes,107573.94
9.1,0.89,1378.0,100,2891,Direct Drop,Air,Nigeria,HIV test,Test kit,Yes,32667.09
29.0,0.16,151.0,20,340,Direct Drop,Air,Ethiopia,HIV test,Test kit,Yes,827.88
7.71,0.13,1237.0,60,500,From RDC,Truck,Zambia,Adult,Tablet,Yes,17384.76
40.0,0.16,173.0,20,500,Direct Drop,Air,Rwanda,HIV test,Test kit,Yes,17928.53
41.1,0.34,9.0,120,10,Direct Drop,Air,Haiti,Adult,Tablet,Yes,807.28
5.38,0.09,5154.0,60,70000,From RDC,Truck,Zimbabwe,Adult,Tablet,Yes,12956.94
21.05,0.09,9006.0,240,338,From RDC,Air,Mozambique,Pediatric,Oral,Yes,9869.55
5.35,0.18,273.0,30,2800,Direct Drop,Air,Rwanda,Adult,Tablet,Yes,2964.49
9.1,0.7,794.0,100,3500,Direct Drop,Air,Côte d'Ivoire,HIV test,Test kit,Yes,12499.27
7.3,0.08,253.0,90,4120,From RDC,Truck,Côte d'Ivoire,Pediatric,Tablet,Yes,4261.03
8.76,0.15,202.0,60,2420,From RDC,Air,Uganda,Adult,Tablet,Yes,1534.1
1.92,0.01,1345.0,240,3635,From RDC,Air,Haiti,Pediatric,Oral,Yes,14489.1
9.1,0.8,662.0,100,1387,Direct Drop,Air,Tanzania,HIV test,Test kit,Yes,12035.47
9.1,0.8,1363.0,100,5996,From RDC,Air,Zambia,HIV test,Test kit,Yes,22171.8
1.9,0.03,767.0,60,10383,From RDC,Air Charter,Nigeria,Pediatric,Tablet,Yes,3963.0
22.5,0.75,1710.0,30,12830,Direct Drop,Air,Tanzania,Adult,Tablet,Yes,8344.86
2.87,0.05,4194.0,60,65072,Direct Drop,Ocean,South Africa,Adult,Tablet,Yes,17278.96
3.8,0.06,2078.0,60,23100,From RDC,Truck,Mozambique,Adult,Tablet,No,2400.25
0.0,0.0,80.0,30,1200,From RDC,Truck,Côte d'Ivoire,Pediatric,Capsule,Yes,1532.73
24.0,0.8,6223.0,30,20000,Direct Drop,Air,Tanzania,HIV test,Test kit,Yes,82236.74
4.22,0.14,1237.0,30,230000,From RDC,Truck,Zambia,Adult,Tablet,Yes,22168.18
3.64,0.12,1679.0,30,19656,From RDC,Air,Haiti,Adult,Tablet,Yes,18028.41
9.1,0.8,1113.0,100,2342,Direct Drop,Air,Zimbabwe,HIV test,Test kit,Yes,20082.38
2.26,0.04,722.0,60,11490,From RDC,Air,Uganda,Adult,Tablet,Yes,3483.79
2.6,0.04,889.0,60,9576,Direct Drop,Air,Vietnam,Adult,Tablet,Yes,7884.8
27.0,1.35,483.0,20,1275,Direct Drop,Air,Uganda,HIV test,Test kit,Yes,4193.88
5.74,0.19,2746.0,30,34733,From RDC,Truck,Tanzania,Adult,Tablet,Yes,5989.25
4.51,0.15,10.0,30,120,Direct Drop,Ocean,South Africa,Adult,Tablet,Yes,19518.98
13.52,0.45,247.0,30,3400,From RDC,Truck,Côte d'Ivoire,Adult,Tablet,Yes,2414.89
2.9,0.05,485.0,60,8732,From RDC,Air,Côte d'Ivoire,Adult,Tablet,Yes,7302.48
7.53,0.13,3325.0,60,60683,From RDC,Truck,Zambia,Adult,Tablet,Yes,3379.64
8.1,0.13,695.0,60,4980,Direct Drop,Air,Vietnam,Adult,Tablet,Yes,1377.02
23.0,0.16,2535.0,1,3510,Direct Drop,Air,Ethiopia,HIV test,Test kit,Yes,20083.74
2.26,0.04,1237.0,60,109238,From RDC,Air Charter,Nigeria,Adult,Tablet,Yes,20761.0
27.0,1.35,3045.0,20,10000,Direct Drop,Air,Nigeria,HIV test,Test kit,Yes,28118.58
3.64,0.12,4409.0,30,14368,From RDC,Truck,Côte d'Ivoire,Adult,Tablet,Yes,17192.4
2.33,0.04,5.0,60,73,From RDC,Air,Others,Adult,Tablet,Yes,491.43
5.87,0.2,6692.0,30,20921,From RDC,Truck,Tanzania,Adult,Tablet,Yes,6010.2
22.5,0.75,1195.0,30,2610,From RDC,Air,Côte d'Ivoire,Adult,Tablet,Yes,8758.37
2.15,0.04,980.0,60,20000,Direct Drop,Air,Zambia,Adult,Tablet,Yes,6020.81
9.1,0.16,43.0,50,31,Direct Drop,Air,Uganda,HIV test,Test kit,Yes,1324.43
1.3,0.01,2454.0,100,11310,Direct Drop,Air,Uganda,Pediatric,Oral,Yes,10898.12
6.85,0.11,97.0,60,760,Direct Drop,Air,Côte d'Ivoire,Adult,Tablet,Yes,1575.13
1.51,0.01,820.0,240,2040,Direct Drop,Ocean,Haiti,Pediatric,Oral,Yes,2214.69
2.45,0.04,277.0,60,2870,From RDC,Truck,Mozambique,Adult,Tablet,Yes,4313.33
41.1,0.34,9006.0,120,2698,From RDC,Air,Mozambique,Adult,Tablet,No,9869.55
9.1,0.8,1744.0,100,4484,Direct Drop,Air,Others,HIV test,Test kit,Yes,19489.83
0.0,0.0,1208.0,100,2915,Direct Drop,Air,Tanzania,HIV test,Test kit,Yes,20583.37
7.82,0.26,4398.0,30,64771,Direct Drop,Air,South Africa,Adult,Tablet,Yes,5298.03
20.0,0.8,206.0,25,659,Direct Drop,Air,Côte d'Ivoire,HIV test,Test kit,Yes,2358.13
9.1,1.39,105.0,100,150,Direct Drop,Air,Haiti,HIV test,Test kit,Yes,1894.41
4.09,0.07,1228.0,60,18027,From RDC,Truck,Zambia,Pediatric,Tablet,Yes,1765.18
9.1,0.8,40.0,100,86,Direct Drop,Air,Tanzania,HIV test,Test kit,Yes,1765.86
36.16,0.3,1647.0,120,8000,From RDC,Air,Ethiopia,Adult,Tablet,Yes,3600.65
5.78,0.19,15.0,30,168,From RDC,Air Charter,Nigeria,Adult,Tablet,Yes,11637.64
45.52,0.08,115.0,540,34,Direct Drop,Air,Nigeria,ACT,Tablet,Yes,1755.87
2.9,0.05,507.0,60,5184,From RDC,Truck,Uganda,Adult,Tablet,Yes,1576.8
6.85,0.11,87.0,60,616,Direct Drop,Air,Mozambique,Adult,Tablet,Yes,1053.88
24.0,0.8,486.0,30,1456,Direct Drop,Air,Côte d'Ivoire,HIV test,Test kit,Yes,5074.33
9.3,0.1,163.0,90,2440,Direct Drop,Air,Haiti,Pediatric,Capsule,Yes,1659.21
13.96,0.47,315.0,30,3400,From RDC,Truck,Mozambique,Adult,Tablet,Yes,1981.6
15.0,0.5,440.0,30,7035,Direct Drop,Air,Uganda,Adult,Capsule,Yes,2242.71
17.5,0.29,9006.0,60,9838,From RDC,Air,Mozambique,Adult,Tablet,No,9869.55
4.7,0.16,1387.0,30,10000,From RDC,Truck,Côte d'Ivoire,Adult,Tablet,Yes,10680.14
2.26,0.04,81.0,60,225,From RDC,Truck,Others,Adult,Tablet,Yes,1641.0
2.43,0.04,1237.0,60,515000,Direct Drop,Ocean,South Africa,Adult,Tablet,Yes,37401.43
3.91,0.13,5486.0,30,45840,From RDC,Air,Uganda,Adult,Tablet,Yes,27321.52
27.0,1.35,11.0,20,20,Direct Drop,Air,Others,HIV test,Test kit,Yes,386.16
9.1,0.72,25.0,100,100,Direct Drop,Air,Others,HIV test,Test kit,Yes,1038.39
8.2,0.14,1083.0,60,11755,Direct Drop,Air,Vietnam,Adult,Tablet,Yes,9046.76
32.0,0.16,138.0,20,165,Direct Drop,Air,Ethiopia,HIV test,Test kit,Yes,794.72
12.01,0.4,2941.0,30,19740,From RDC,Air,Haiti,Adult,Tablet,Yes,31051.3
9.1,0.16,1073.0,40,1000,Direct Drop,Air,Côte d'Ivoire,HIV test,Test kit,Yes,8114.11
4.3,0.07,2461.0,60,12106,From RDC,Truck,Tanzania,Pediatric,Tablet,No,3592.8
2.66,0.04,6880.0,60,100425,From RDC,Truck,Côte d'Ivoire,Adult,Tablet,Yes,7826.75
9.1,0.78,680.0,100,3000,Direct Drop,Air,Côte d'Ivoire,HIV test,Test kit,Yes,11463.46
32.0,0.16,15.0,20,47,Direct Drop,Air,Others,HIV test,Test kit,Yes,870.22
9.1,0.89,4388.0,100,10798,Direct Drop,Air,Nigeria,HIV test,Test kit,Yes,66059.65
2.92,0.05,4528.0,60,38400,Direct Drop,Air,South Africa,Adult,Tablet,Yes,6369.79
9.1,0.8,1394.0,100,2926,Direct Drop,Air,Tanzania,HIV test,Test kit,Yes,24596.33
6.76,0.11,230.0,60,4560,From RDC,Air,Others,Adult,Tablet,Yes,1740.47
7.5,0.12,18.0,60,336,Direct Drop,Air,Vietnam,Adult,Tablet,Yes,2525.73
23.0,0.16,2535.0,1,3510,Direct Drop,Air,Ethiopia,HIV test,Test kit,Yes,20083.74
32.0,0.16,17.0,20,50,Direct Drop,Air,Others,HIV test,Test kit,Yes,617.79
9.1,0.72,57.0,100,250,Direct Drop,Air,Côte d'Ivoire,HIV test,Test kit,Yes,1796.68
24.5,0.16,780.0,1,1100,Direct Drop,Air,Ethiopia,HIV test,Test kit,Yes,7655.99
18.9,0.16,1089.0,120,5337,From RDC,Truck,Uganda,Adult,Tablet,Yes,3730.8
2.0,0.03,2806.0,60,20000,Direct Drop,Air,Vietnam,Adult,Tablet,Yes,18207.5
11.35,0.19,1593.0,60,14066,From RDC,Truck,Uganda,Adult,Tablet,Yes,9547.7
2.9,0.05,2031.0,60,25540,From RDC,Air,Ethiopia,Adult,Tablet,Yes,6774.59
9.1,0.8,1378.0,100,2891,Direct Drop,Air,Mozambique,HIV test,Test kit,Yes,25607.44
2.42,0.04,1956.0,60,16947,From RDC,Truck,Zambia,Adult,Tablet,Yes,8709.0
9.1,0.16,68.0,50,45,Direct Drop,Air,Uganda,HIV test,Test kit,Yes,1305.28
11.22,0.19,617.0,60,4782,From RDC,Air,Uganda,Adult,Tablet,Yes,8676.9
3.91,0.13,406.0,30,6667,From RDC,Air,Others,Adult,Tablet,Yes,3062.18
8.64,0.1,318.0,90,2520,From RDC,Air,Rwanda,Pediatric,Capsule,Yes,2716.08
50.0,0.28,25.0,180,50,From RDC,Truck,Ethiopia,Adult,Capsule,No,505.0
11.35,0.19,3239.0,60,28000,From RDC,Air Charter,Nigeria,Adult,Tablet,Yes,11637.64
9.76,0.33,6247.0,30,55300,From RDC,Air,Others,Adult,Tablet,Yes,61201.46
18.9,0.16,7355.0,120,33171,From RDC,Truck,Côte d'Ivoire,Adult,Tablet,Yes,28647.52
30.82,0.1,1374.0,300,1500,Direct Drop,Air,Zimbabwe,Pediatric,Oral,Yes,9299.26
24.5,0.16,1237.0,1,20481,Direct Drop,Air,Rwanda,HIV test,Test kit,Yes,139951.34
11.15,0.37,5093.0,30,37696,From RDC,Truck,Zimbabwe,Adult,Tablet,Yes,10942.89
29.0,0.16,763.0,20,1900,Direct Drop,Air,Côte d'Ivoire,HIV test,Test kit,Yes,7153.63
12.96,0.22,1283.0,60,182,From RDC,Air,Others,Adult,Tablet,No,12862.56
3.2,0.05,6036.0,60,6,From RDC,Air,Mozambique,Adult,Tablet,No,3671.92
9.1,0.68,862.0,120,3470,Direct Drop,Air,Vietnam,Adult,Tablet,Yes,5215.07
3.99,0.07,1855.0,60,31920,Direct Drop,Air,Vietnam,Adult,Tablet,Yes,16007.06
9.1,0.7,182.0,100,800,Direct Drop,Air,Côte d'Ivoire,HIV test,Test kit,Yes,3272.6
9.1,0.89,3787.0,100,9330,Direct Drop,Air,Nigeria,HIV test,Test kit,Yes,61637.1
9.1,0.8,1215.0,100,2788,Direct Drop,Air,Uganda,HIV test,Test kit,Yes,16337.03
9.1,0.16,120.0,100,50,Direct Drop,Air,Côte d'Ivoire,HIV test,Test kit,Yes,3004.62
9.1,0.7,40.0,100,170,Direct Drop,Air,Others,HIV test,Test kit,Yes,2883.51
9.1,0.8,1033.0,100,4400,Direct Drop,Air,Côte d'Ivoire,HIV test,Test kit,Yes,24728.57
7.82,0.26,136.0,30,2016,Direct Drop,Air,South Africa,Adult,Tablet,Yes,1881.24
20.0,0.67,1412.0,30,10565,Direct Drop,Air,Tanzania,Adult,Tablet,Yes,6758.01
9.1,0.89,3764.0,100,6375,Direct Drop,Air,Nigeria,HIV test,Test kit,Yes,38029.42
22.5,0.75,364.0,30,1400,Direct Drop,Air,Côte d'Ivoire,Adult,Tablet,Yes,4171.65
32.0,0.16,50.0,20,132,Direct Drop,Air,Others,HIV test,Test kit,Yes,1595.38
7.43,0.12,454.0,60,8989,Direct Drop,Air,South Africa,Adult,Tablet,Yes,3315.24
11.0,0.18,2575.0,60,25100,Direct Drop,Air,Vietnam,Adult,Tablet,Yes,18772.94
2.35,0.04,1073.0,60,23355,Direct Drop,Air,Vietnam,Adult,Tablet,Yes,5221.88
9.1,0.89,39.0,100,90,Direct Drop,Air,Others,HIV test,Test kit,Yes,1405.56
9.1,0.78,575.0,100,2530,Direct Drop,Air,Rwanda,HIV test,Test kit,Yes,26849.57
7.78,0.13,7095.0,60,3345,From RDC,Truck,Zimbabwe,Adult,Tablet,Yes,5530.11
1.25,0.04,134.0,30,2118,Direct Drop,Air,Haiti,Pediatric,Tablet,Yes,1987.82
1.53,0.05,52.0,30,1200,Direct Drop,Air,Nigeria,Malaria,Tablet,Yes,428.66
10.0,0.33,44.0,30,200,From RDC,Air,Uganda,Adult,Tablet,Yes,1483.39
9.1,0.89,1378.0,100,2891,Direct Drop,Air,Nigeria,HIV test,Test kit,Yes,31201.82
0.0,0.0,565.0,60,6459,From RDC,Air,Others,Pediatric,Tablet,Yes,11705.87
2.0,0.07,483.0,30,8000,From RDC,Truck,Zimbabwe,Adult,Tablet,Yes,2947.59
9.1,0.51,1714.0,120,7000,Direct Drop,Air,Vietnam,Adult,Tablet,Yes,4881.42
3.75,0.06,166.0,60,3200,From RDC,Truck,Côte d'Ivoire,Pediatric,Tablet,Yes,1137.18
32.0,0.16,334.0,20,1000,From RDC,Air,Rwanda,HIV test,Test kit,Yes,3494.5
16.5,0.07,905.0,240,1664,From RDC,Air,Côte d'Ivoire,Pediatric,Oral,Yes,10451.25
9.1,0.8,1368.0,100,2870,Direct Drop,Air,Tanzania,HIV test,Test kit,Yes,24308.25
32.0,0.16,123.0,20,412,Direct Drop,Air,Others,HIV test,Test kit,Yes,1375.8
7.3,0.08,244.0,90,4000,From RDC,Air,Côte d'Ivoire,Pediatric,Tablet,Yes,3138.35
38.36,0.11,9006.0,336,143,From RDC,Air,Mozambique,Adult,Capsule,No,9869.55
1.51,0.03,114.0,60,2464,Direct Drop,Air,Vietnam,Adult,Capsule,Yes,2879.96
16.0,0.18,14.0,90,105,From RDC,Air,Haiti,Pediatric,Capsule,Yes,1015.24
11.36,0.19,3118.0,60,10000,From RDC,Truck,Mozambique,Adult,Tablet,Yes,4768.06
26.25,0.88,186.0,30,2160,From RDC,Air,Côte d'Ivoire,Adult,Tablet,Yes,1660.07
9.1,0.8,55.0,100,120,Direct Drop,Air,Mozambique,HIV test,Test kit,Yes,3267.66
4.42,0.05,561.0,90,3969,From RDC,Truck,Zimbabwe,Pediatric,Capsule,Yes,251.42
9.1,0.8,3560.0,100,8787,Direct Drop,Air,Zimbabwe,HIV test,Test kit,Yes,52462.81
7.0,0.12,555.0,60,2800,Direct Drop,Air,Vietnam,Pediatric,Tablet,Yes,3292.15
9.1,0.29,1669.0,270,764,From RDC,Air,Mozambique,Adult,Tablet,Yes,859.14
5.49,0.05,48.0,100,630,Direct Drop,Air,Vietnam,Pediatric,Capsule,Yes,2729.91
12.01,0.4,76.0,30,860,From RDC,Air,Uganda,Adult,Tablet,Yes,675.0
5.74,0.19,1237.0,30,300000,Direct Drop,Air,Zambia,Adult,Tablet,Yes,119474.09
3.89,0.06,180.0,60,4200,From RDC,Truck,Côte d'Ivoire,Pediatric,Tablet,Yes,1965.57
0.01,0.0,45.0,100,152,From RDC,Air,Others,HIV test - Ancillary,Test kit,Yes,798.59
3.33,0.11,1237.0,30,24912,From RDC,Truck,Uganda,Adult,Tablet,No,23809.39
7.4,0.12,2262.0,60,22,From RDC,Air,Zimbabwe,Adult,Tablet,No,7364.52
29.0,0.16,15.0,20,44,Direct Drop,Air,Ethiopia,HIV test,Test kit,Yes,529.4
11.15,0.37,1237.0,30,200000,From RDC,Air Charter,Nigeria,Adult,Tablet,Yes,26340.0
3.89,0.06,1628.0,60,37979,From RDC,Truck,Zambia,Pediatric,Tablet,Yes,3526.69
12.01,0.4,4247.0,30,5000,From RDC,Truck,Zambia,Adult,Tablet,Yes,8231.95
32.0,0.16,164.0,20,450,Direct Drop,Air,Others,HIV test,Test kit,Yes,1871.07
10.0,0.33,2500.0,30,22826,From RDC,Air Charter,Nigeria,Adult,Tablet,Yes,9736.1
7.03,0.23,7965.0,30,116000,Direct Drop,Ocean,South Africa,Adult,Tablet,Yes,13688.03
12.5,0.05,1237.0,240,1470,From RDC,Air,Haiti,Pediatric,Oral,Yes,95269.39
9.1,0.89,1246.0,100,7238,Direct Drop,Air,Others,HIV test,Test kit,Yes,13336.64
4.04,0.13,44.0,30,715,From RDC,Truck,Rwanda,Adult,Tablet,Yes,1171.2
3.09,0.05,3539.0,60,60300,Direct Drop,Air,Rwanda,Adult,Tablet,Yes,16769.43
6.47,0.22,3658.0,30,54008,Direct Drop,Ocean,South Africa,Adult,Tablet,Yes,12796.59
9.5,0.16,7341.0,60,10044,From RDC,Air,Mozambique,Adult,Tablet,Yes,10879.28
4.67,0.16,2131.0,30,25190,Direct Drop,Air,South Africa,Adult,Tablet,Yes,5886.9
50.0,0.28,6036.0,180,252,From RDC,Air,Mozambique,Adult,Capsule,No,3671.92
9.72,0.32,631.0,30,7323,From RDC,Air,Haiti,Adult,Tablet,Yes,7584.12
22.0,0.37,107.0,60,1028,Direct Drop,Air,Tanzania,Pediatric,Capsule,Yes,1794.89
3.57,0.06,4398.0,60,43470,From RDC,Air,Zambia,Adult,Tablet,Yes,18137.64
9.1,0.16,173.0,40,160,From RDC,Air,Côte d'Ivoire,HIV test,Test kit,Yes,1754.0
3.4,0.06,4957.0,60,72333,From RDC,Truck,Zambia,Adult,Tablet,Yes,15220.18
2.42,0.04,1237.0,60,43676,From RDC,Truck,Zambia,Adult,Tablet,Yes,25636.2
3.4,0.06,893.0,60,9408,From RDC,Air,Zambia,Adult,Tablet,Yes,6269.7
2.51,0.04,2822.0,60,41142,From RDC,Air Charter,Nigeria,Adult,Tablet,Yes,12601.12
2.51,0.04,1332.0,60,13836,From RDC,Truck,Zambia,Adult,Tablet,Yes,6476.7
32.0,0.16,62.0,20,137,Direct Drop,Air,Others,HIV test,Test kit,Yes,1367.59
9.98,0.11,201.0,90,1515,Direct Drop,Ocean,South Africa,Pediatric,Capsule,Yes,4134.92
7.72,0.13,1237.0,60,3194,From RDC,Air Charter,Nigeria,Adult,Tablet,Yes,51645.79
9.1,0.16,402.0,40,375,Direct Drop,Air,Nigeria,HIV test,Test kit,Yes,4445.75
16.96,0.09,2085.0,180,325,From RDC,Air,Haiti,Pediatric,Oral,Yes,23866.2
1.77,0.03,301.0,60,6493,Direct Drop,Air,Vietnam,Adult,Tablet,Yes,1457.92
1.95,0.01,239.0,240,600,From RDC,Air,Others,Pediatric,Oral,Yes,3106.89
3.33,0.11,2732.0,30,30000,From RDC,Truck,Côte d'Ivoire,Adult,Tablet,No,10680.14
9.1,0.8,499.0,100,1044,Direct Drop,Air,Tanzania,HIV test,Test kit,Yes,9894.85
14.1,0.47,4669.0,30,27608,Direct Drop,Air,Vietnam,Adult,Tablet,No,8334.77
7.82,0.26,4457.0,30,64738,Direct Drop,Air,South Africa,Adult,Tablet,Yes,3646.13
2.49,0.04,1237.0,60,24768,From RDC,Truck,Mozambique,Adult,Tablet,Yes,11701.65
9.6,0.32,1237.0,30,81589,From RDC,Truck,Zimbabwe,Adult,Tablet,Yes,23559.93
6.57,0.22,263.0,30,3000,From RDC,Air Charter,Nigeria,Adult,Tablet,Yes,13398.06
1.55,0.03,273.0,60,4124,From RDC,Air,Nigeria,Adult,Capsule,Yes,7363.74
13.15,0.44,121.0,30,1134,From RDC,Truck,Côte d'Ivoire,Adult,Tablet,Yes,1076.5
1.25,0.01,1237.0,200,330,From RDC,Air,Haiti,Pediatric,Oral,No,161712.87
8.76,0.15,2078.0,60,2484,From RDC,Truck,Mozambique,Adult,Tablet,Yes,2400.25
9.1,0.89,1235.0,100,3041,Direct Drop,Air,Nigeria,HIV test,Test kit,Yes,21084.84
19.36,0.16,1591.0,120,6364,From RDC,Air,Others,Adult,Tablet,Yes,8834.07
7.72,0.13,7666.0,60,25712,From RDC,Air Charter,Nigeria,Adult,Tablet,No,16532.5
4.62,0.15,599.0,30,5763,From RDC,Truck,Mozambique,Adult,Tablet,Yes,3610.0
7.2,0.12,2382.0,60,32067,From RDC,Air,Mozambique,Adult,Tablet,Yes,3671.92
3.4,0.06,1987.0,60,35400,From RDC,Air,Nigeria,Adult,Tablet,Yes,14931.8
2.92,0.05,20.0,60,384,Direct Drop,Air,Haiti,Adult,Tablet,Yes,950.05
1.43,0.01,1385.0,240,4157,From RDC,Truck,Côte d'Ivoire,Pediatric,Oral,Yes,6437.76
2.3,0.04,1982.0,60,475,From RDC,Truck,Uganda,Pediatric,Tablet,Yes,8163.74
11.09,0.18,2069.0,60,20000,Direct Drop,Air,Tanzania,Adult,Tablet,Yes,9716.76
6.85,0.11,346.0,60,2706,Direct Drop,Air,Côte d'Ivoire,Adult,Tablet,Yes,9539.6
13.27,0.44,4525.0,30,40230,From RDC,Truck,Côte d'Ivoire,Adult,Tablet,Yes,11874.85
21.0,0.18,475.0,120,1784,From RDC,Truck,Côte d'Ivoire,Adult,Tablet,Yes,3332.73
1.32,0.02,1237.0,60,216,From RDC,Air,Haiti,Adult,Capsule,No,161712.87
12.42,0.41,4256.0,30,1860,From RDC,Air,Zimbabwe,Adult,Tablet,Yes,5145.86
2.58,0.04,750.0,60,13023,From RDC,Air,Others,Adult,Tablet,Yes,3787.65
32.0,0.16,6568.0,20,20000,Direct Drop,Air,Others,HIV test,Test kit,Yes,41300.11
29.0,0.97,13.0,30,19,Direct Drop,Air,Côte d'Ivoire,HIV test,Test kit,Yes,780.34
4.53,0.15,1237.0,30,127904,Direct Drop,Ocean,South Africa,Adult,Tablet,Yes,15331.5
9.1,0.16,72.0,100,30,Direct Drop,Air,Others,HIV test,Test kit,Yes,1765.54
9.81,0.16,1237.0,60,75000,From RDC,Truck,Côte d'Ivoire,Adult,Tablet,Yes,11874.85
27.0,1.35,904.0,20,3049,Direct Drop,Air,Côte d'Ivoire,HIV test,Test kit,Yes,7208.0
9.1,0.89,3435.0,100,5884,Direct Drop,Air,Nigeria,HIV test,Test kit,Yes,34730.62
9.1,0.8,1303.0,100,2744,Direct Drop,Air,Tanzania,HIV test,Test kit,Yes,22317.25
13.27,0.44,3856.0,30,31560,From RDC,Air,Nigeria,Adult,Tablet,Yes,15459.09
4.12,0.14,3453.0,30,47614,From RDC,Air,Côte d'Ivoire,Adult,Tablet,Yes,9657.88
19.66,0.16,7041.0,120,10000,From RDC,Truck,Côte d'Ivoire,Adult,Tablet,Yes,28406.4
11.22,0.19,5364.0,60,44131,From RDC,Air,Rwanda,Adult,Tablet,Yes,81670.57
3.4,0.06,168.0,60,3000,From RDC,Air,Mozambique,Adult,Tablet,Yes,1074.95
10.74,0.36,4707.0,30,38692,Direct Drop,Air,Others,Adult,Tablet,Yes,32683.47
2.0,0.07,700.0,30,12000,From RDC,Truck,Zambia,Adult,Tablet,Yes,954.13
7.2,0.12,1237.0,60,38975,From RDC,Air,Mozambique,Adult,Tablet,Yes,9161.95
29.31,0.24,1237.0,120,25597,From RDC,Truck,Côte d'Ivoire,Adult,Tablet,Yes,20786.04
11.23,0.19,230.0,60,2469,From RDC,Truck,Tanzania,Adult,Tablet,Yes,1163.2
2.66,0.04,6206.0,60,100000,From RDC,Truck,Zambia,Adult,Tablet,Yes,13411.32
13.0,0.43,236.0,30,2600,Direct Drop,Air,Ethiopia,Adult,Capsule,Yes,1131.48
5.5,0.09,507.0,60,7526,From RDC,Air Charter,Nigeria,Adult,Tablet,Yes,1263.0
8.11,0.14,3392.0,60,24816,Direct Drop,Air,Mozambique,Adult,Tablet,Yes,16835.52
9.45,0.16,2115.0,60,14124,From RDC,Truck,Zambia,Adult,Tablet,Yes,2882.85
5.94,0.1,1825.0,60,2697,Direct Drop,Air,Haiti,Pediatric,Tablet,Yes,4126.9
27.0,1.35,2985.0,20,9048,Direct Drop,Air,Nigeria,HIV test,Test kit,Yes,20635.3
5.9,0.2,7133.0,30,79620,Direct Drop,Air,Zambia,Adult,Tablet,Yes,40583.63
0.01,0.0,3.0,25,3,From RDC,Truck,Others,HIV test,Test kit,Yes,99.0
9.1,0.83,271.0,120,1500,Direct Drop,Air,Côte d'Ivoire,Adult,Tablet,Yes,2527.94
36.16,0.3,4794.0,120,11480,Direct Drop,Air,Côte d'Ivoire,Adult,Tablet,Yes,28238.31
3.3,0.11,5215.0,30,60757,Direct Drop,Air,Tanzania,Adult,Tablet,Yes,20136.28
8.55,0.14,4171.0,60,45000,From RDC,Truck,Mozambique,Adult,Tablet,Yes,3936.85
8.5,0.28,1237.0,30,117359,Direct Drop,Ocean,Rwanda,Adult,Tablet,Yes,32530.22
6.49,0.11,1748.0,60,20000,Direct Drop,Air,Vietnam,Adult,Tablet,Yes,3868.49
9.1,0.89,2951.0,100,10000,Direct Drop,Air,Others,HIV test,Test kit,Yes,31923.61
7.08,0.12,941.0,60,10158,Direct Drop,Air,Vietnam,Adult,Tablet,Yes,1934.17
9.45,0.16,1580.0,60,16752,From RDC,Air,Haiti,Adult,Tablet,Yes,11572.0
9.5,0.16,1215.0,60,9692,From RDC,Air,Ethiopia,Adult,Tablet,Yes,6346.22
11.0,0.37,152.0,30,1747,From RDC,Air,Uganda,Adult,Tablet,Yes,1340.96
16.75,0.56,9006.0,30,2933,From RDC,Air,Mozambique,Adult,Tablet,No,9869.55
11.22,0.19,2156.0,60,17000,From RDC,Air,Uganda,Adult,Tablet,Yes,14467.75
11.22,0.19,4693.0,60,40000,From RDC,Air Charter,Nigeria,Adult,Tablet,Yes,9736.1
1.85,0.01,718.0,240,1800,From RDC,Air Charter,Rwanda,Pediatric,Oral,Yes,4370.8
9.1,0.89,1186.0,100,2744,Direct Drop,Air,Nigeria,HIV test,Test kit,Yes,24927.19
9.6,0.32,1237.0,30,121000,From RDC,Air Charter,Nigeria,Adult,Tablet,Yes,68103.71
20.0,0.8,97.0,25,270,From RDC,Truck,Others,HIV test,Test kit,Yes,98.08
13.15,0.22,1239.0,60,12000,From RDC,Air,Rwanda,Adult,Tablet,Yes,28202.0
9.1,0.78,1229.0,100,5408,Direct Drop,Air,Côte d'Ivoire,HIV test,Test kit,Yes,17085.16
0.01,0.0,56.0,100,850,Direct Drop,Air,Uganda,HIV test - Ancillary,Test kit,Yes,360.0
33.0,0.55,145.0,60,1411,Direct Drop,Air,Rwanda,Pediatric,Capsule,Yes,1950.74
6.73,0.11,3118.0,60,25000,From RDC,Truck,Mozambique,Adult,Tablet,No,4768.06
10.78,0.36,1237.0,30,116931,From RDC,Truck,Tanzania,Adult,Tablet,Yes,7083.18
12.01,0.4,3817.0,30,50000,From RDC,Truck,Zambia,Adult,Tablet,Yes,4579.42
11.8,0.2,1456.0,60,10000,From RDC,Air,Côte d'Ivoire,Adult,Tablet,Yes,5048.32
8.23,0.27,3263.0,30,43441,From RDC,Air Charter,Nigeria,Adult,Tablet,Yes,15322.7
2.26,0.04,394.0,60,10227,From RDC,Truck,Zimbabwe,Adult,Tablet,No,11133.66
2.76,0.05,1875.0,60,26267,From RDC,Truck,Zimbabwe,Pediatric,Tablet,Yes,6933.75
1.97,0.01,6230.0,240,5496,From RDC,Air,Zambia,Pediatric,Oral,Yes,25739.49
8.76,0.15,2634.0,60,10962,From RDC,Air,Côte d'Ivoire,Adult,Tablet,Yes,6111.21
9.1,0.89,1980.0,100,8331,Direct Drop,Air,Others,HIV test,Test kit,Yes,37548.87
20.0,0.67,1189.0,30,3905,Direct Drop,Air,Haiti,Adult,Tablet,No,7296.97
36.16,0.3,276.0,120,1320,From RDC,Air,Haiti,Adult,Tablet,Yes,2080.2
8.1,0.13,1237.0,60,114996,Direct Drop,Air,Uganda,Adult,Tablet,Yes,56180.34
9.98,0.17,3450.0,60,38463,From RDC,Air,Rwanda,Adult,Tablet,Yes,20896.5
4.34,0.14,1237.0,30,27304,From RDC,Air,Uganda,Adult,Tablet,Yes,56372.66
32.0,0.16,58.0,20,170,Direct Drop,Air,Ethiopia,HIV test,Test kit,Yes,143.57
9.5,0.16,402.0,60,1848,From RDC,Air,Others,Adult,Tablet,Yes,4807.0
3.95,0.02,2846.0,240,1653,From RDC,Air,Nigeria,Pediatric,Oral,No,13873.0
9.71,0.11,194.0,90,1260,From RDC,Air,Haiti,Pediatric,Capsule,Yes,2452.54
3.19,0.11,622.0,30,9800,From RDC,Truck,Côte d'Ivoire,Adult,Tablet,Yes,4958.0
26.25,0.88,62.0,30,662,From RDC,Air,Nigeria,Adult,Tablet,Yes,6443.61
3.47,0.12,26.0,30,570,From RDC,Air,Zambia,Pediatric,Capsule,Yes,505.17
1.92,0.01,960.0,240,1000,Direct Drop,Air,Vietnam,Pediatric,Oral,Yes,13762.41
1.9,0.03,1043.0,60,19425,From RDC,Truck,Zimbabwe,Pediatric,Tablet,Yes,8043.57
6.57,0.22,76.0,30,844,From RDC,Air Charter,Nigeria,Adult,Tablet,Yes,12601.07
1.3,0.01,2127.0,100,10368,Direct Drop,Air,Uganda,Pediatric,Oral,Yes,10898.13
1.6,0.03,988.0,60,1260,From RDC,Air,Nigeria,Adult,Capsule,Yes,4251.0
35.0,0.29,645.0,120,2508,Direct Drop,Air,Others,Adult,Tablet,Yes,5002.73
9.1,0.89,2556.0,100,7318,Direct Drop,Air,Others,HIV test,Test kit,Yes,29339.63
8.1,0.13,1485.0,60,10762,Direct Drop,Air,Vietnam,Adult,Tablet,Yes,2702.63
8.15,0.14,3301.0,60,26598,Direct Drop,Air,Vietnam,Adult,Tablet,Yes,5764.28
2.15,0.04,474.0,60,4000,From RDC,Truck,Uganda,Pediatric,Tablet,Yes,1332.7
4.64,0.15,1237.0,30,95597,From RDC,Air Charter,Nigeria,Adult,Tablet,Yes,20992.67
7.2,0.12,7113.0,60,47392,From RDC,Air,Mozambique,Adult,Tablet,Yes,3599.76
55.5,0.92,39.0,60,390,Direct Drop,Air,Uganda,Adult,Tablet,Yes,433.0
10.0,0.33,3312.0,30,40148,From RDC,Air Charter,Nigeria,Adult,Tablet,Yes,9736.1
3.04,0.05,732.0,60,14044,From RDC,Air,Ethiopia,Adult,Tablet,Yes,2963.8
9.1,0.16,480.0,100,200,Direct Drop,Air,Haiti,HIV test,Test kit,Yes,9334.68
9.1,0.68,1010.0,120,4165,Direct Drop,Air,Vietnam,Adult,Tablet,Yes,5417.87
11.75,0.39,2791.0,30,32510,Direct Drop,Air,Rwanda,Adult,Tablet,Yes,28336.18
20.0,0.67,114.0,30,1467,Direct Drop,Air,Rwanda,Adult,Capsule,Yes,4822.01
41.1,0.34,23.0,120,100,From RDC,Air,Uganda,Adult,Tablet,Yes,1152.63
6.73,0.11,1237.0,60,139000,From RDC,Truck,Mozambique,Adult,Tablet,Yes,8191.96
12.96,0.22,1033.0,60,10000,From RDC,Truck,Mozambique,Adult,Tablet,Yes,7951.22
11.4,0.19,36.0,60,591,Direct Drop,Air,Vietnam,Adult,Tablet,Yes,430.5
9.81,0.16,1237.0,60,100000,From RDC,Truck,Zimbabwe,Adult,Tablet,Yes,8751.99
9.1,0.29,663.0,270,2579,From RDC,Air,Mozambique,Adult,Tablet,Yes,1824.11
25.0,0.16,6.0,3,10,Direct Drop,Air,Others,HIV test - Ancillary,Test kit,Yes,337.89
27.53,0.46,6230.0,60,2489,From RDC,Air,Zambia,Adult,Tablet,No,25739.49
11.15,0.37,2277.0,30,20160,From RDC,Truck,Zimbabwe,Adult,Tablet,Yes,10942.88
9.1,0.68,117.0,120,500,Direct Drop,Air,Vietnam,Adult,Tablet,Yes,1767.38
9.1,0.8,343.0,100,1000,Direct Drop,Air,Haiti,HIV test,Test kit,Yes,2802.42
5.87,0.2,2304.0,30,2178,From RDC,Truck,Tanzania,Adult,Tablet,Yes,5989.25
11.0,0.18,2799.0,60,24349,Direct Drop,Air,Vietnam,Adult,Tablet,Yes,11838.56
5.78,0.19,4845.0,30,8676,From RDC,Air,Côte d'Ivoire,Adult,Tablet,Yes,5254.1
33.7,0.28,2368.0,120,9517,Direct Drop,Air,Côte d'Ivoire,Adult,Tablet,Yes,17068.85
9.45,0.16,1072.0,60,11569,From RDC,Air,Nigeria,Adult,Tablet,Yes,8504.72
1.99,0.03,312.0,60,4000,From RDC,Truck,Zambia,Pediatric,Tablet,Yes,274.51
13.0,0.43,4426.0,30,39330,Direct Drop,Ocean,Rwanda,Adult,Tablet,Yes,66916.5
2.15,0.04,29.0,60,392,From RDC,Air,Rwanda,Adult,Capsule,Yes,1372.38
6.57,0.01,3221.0,1000,30,Direct Drop,Air,Haiti,Malaria,Tablet,Yes,21015.77
8.76,0.15,1084.0,60,11949,From RDC,Air Charter,Nigeria,Adult,Tablet,Yes,11637.65
2.22,0.04,775.0,60,8586,From RDC,Truck,Mozambique,Adult,Tablet,No,3855.94
32.0,0.16,54.0,20,150,From RDC,Truck,Others,HIV test,Test kit,Yes,952.04
18.0,0.6,132.0,30,1000,Direct Drop,Air,Haiti,Adult,Tablet,Yes,1579.89
2.72,0.05,1237.0,60,104636,Direct Drop,Ocean,South Africa,Adult,Tablet,Yes,8527.46
2.33,0.04,195.0,60,1946,From RDC,Truck,Uganda,Adult,Tablet,Yes,2070.68
11.2,0.19,953.0,60,800,Direct Drop,Air,Vietnam,Adult,Tablet,No,1593.67
2.51,0.04,1936.0,60,19200,From RDC,Truck,Zambia,Adult,Tablet,Yes,9421.76
4.15,0.07,338.0,60,5701,From RDC,Truck,Côte d'Ivoire,Pediatric,Tablet,Yes,3487.55
16.96,0.09,30.0,180,70,From RDC,Air,Haiti,Pediatric,Oral,Yes,933.09
1.4,0.01,77.0,200,800,From RDC,Air,Côte d'Ivoire,Pediatric,Oral,Yes,1286.0
9.1,0.8,1624.0,100,4000,Direct Drop,Air,Uganda,HIV test,Test kit,Yes,14692.8
12.01,0.4,1237.0,30,131808,From RDC,Air,Tanzania,Adult,Tablet,Yes,8399.76
8.23,0.27,5494.0,30,53279,From RDC,Air Charter,Nigeria,Adult,Tablet,Yes,15322.73
11.75,0.39,109.0,30,1500,From RDC,Air,Uganda,Adult,Tablet,Yes,2288.29
13.15,0.22,437.0,60,4250,From RDC,Air,Others,Adult,Tablet,Yes,3062.18
27.53,0.46,822.0,60,8251,From RDC,Air,Zambia,Adult,Tablet,Yes,3303.52
32.0,0.16,245.0,20,728,Direct Drop,Air,Others,HIV test,Test kit,Yes,6897.71
2.33,0.04,195.0,60,4050,From RDC,Truck,Mozambique,Adult,Tablet,Yes,3495.81
1.9,0.03,251.0,60,2000,Direct Drop,Air,Others,Pediatric,Tablet,Yes,1484.75
10.5,0.35,4171.0,30,36000,Direct Drop,Air,Others,Adult,Tablet,Yes,20371.77
9.1,0.51,499.0,120,2000,Direct Drop,Air,Vietnam,Adult,Tablet,Yes,1467.82
2.12,0.01,3542.0,240,10233,Direct Drop,Ocean,South Africa,Pediatric,Oral,Yes,6660.05
5.0,0.16,149.0,1,160,Direct Drop,Air,Others,HIV test - Ancillary,Test kit,Yes,2084.52
23.0,0.16,2535.0,1,3510,Direct Drop,Air,Ethiopia,HIV test,Test kit,Yes,23035.69
6.85,0.11,309.0,60,2145,Direct Drop,Air,Tanzania,Adult,Tablet,Yes,2383.65
2.26,0.04,1237.0,60,31144,From RDC,Truck,Tanzania,Adult,Tablet,Yes,7134.39
23.26,0.78,15.0,30,71,Direct Drop,Air,Vietnam,Adult,Tablet,Yes,493.42
20.0,0.67,236.0,30,750,Direct Drop,Air,Ethiopia,Adult,Capsule,No,1131.48
2.3,0.04,2461.0,60,12917,From RDC,Truck,Tanzania,Pediatric,Tablet,Yes,3592.8
6.15,0.1,1926.0,60,19600,Direct Drop,Air,Vietnam,Adult,Tablet,Yes,12423.96
1.95,0.01,1156.0,240,3100,From RDC,Air,Haiti,Pediatric,Oral,Yes,14661.14
11.0,0.37,1237.0,30,8192,From RDC,Air,Haiti,Adult,Tablet,Yes,101348.75
4.7,0.16,5426.0,30,30685,From RDC,Air,Uganda,Adult,Tablet,Yes,6506.75
10.74,0.36,5342.0,30,46500,Direct Drop,Ocean,Haiti,Adult,Tablet,Yes,9195.61
8.13,0.14,4426.0,60,34910,Direct Drop,Air,Others,Adult,Tablet,Yes,37479.21
3.4,0.06,4733.0,60,50000,From RDC,Air,Zambia,Adult,Tablet,Yes,6002.19
26.25,0.88,798.0,30,3120,From RDC,Air,Côte d'Ivoire,Adult,Tablet,Yes,2941.11
5.94,0.1,4528.0,60,41840,Direct Drop,Ocean,Zimbabwe,Pediatric,Tablet,Yes,25189.51
3.4,0.06,1197.0,60,12745,From RDC,Air,Ethiopia,Adult,Tablet,Yes,8332.0
8.51,0.04,236.0,240,595,From RDC,Truck,Zimbabwe,Pediatric,Oral,Yes,7300.0
32.0,0.16,166.0,20,500,Direct Drop,Air,Rwanda,HIV test,Test kit,Yes,3478.5
19.92,0.66,1264.0,30,300,From RDC,Air,Côte d'Ivoire,Adult,Tablet,No,3380.35
6.76,0.11,1.0,60,25,From RDC,Truck,Uganda,Adult,Tablet,Yes,5220.79
10.92,0.36,1237.0,30,55488,From RDC,Air Charter,Nigeria,Adult,Tablet,No,43548.0
11.0,0.37,1169.0,30,14000,From RDC,Air,Nigeria,Adult,Tablet,Yes,13538.35
9.1,0.8,988.0,100,2070,Direct Drop,Air,Côte d'Ivoire,HIV test,Test kit,Yes,19368.23
2.42,0.04,1237.0,60,69037,From RDC,Truck,Zimbabwe,Adult,Tablet,Yes,15299.58
20.0,0.67,1189.0,30,5000,Direct Drop,Air,Haiti,Adult,Tablet,Yes,7296.97
9.1,0.72,362.0,100,1250,From RDC,Air,Rwanda,HIV test,Test kit,Yes,8143.19
9.1,0.7,470.0,100,2059,Direct Drop,Air,Haiti,HIV test,Test kit,Yes,3684.28
2.58,0.04,1237.0,60,60000,From RDC,Air Charter,Nigeria,Adult,Tablet,Yes,15322.73
3.4,0.06,2521.0,60,21225,From RDC,Air,Côte d'Ivoire,Adult,Tablet,Yes,14336.95
12.01,0.4,3775.0,30,50000,From RDC,Truck,Zambia,Adult,Tablet,Yes,4060.54
1.56,0.05,1337.0,30,20867,Direct Drop,Air,Tanzania,Pediatric,Capsule,Yes,8403.67
1.95,0.01,1237.0,240,1716,From RDC,Air,Haiti,Pediatric,Oral,No,161712.87
5.36,0.18,5.0,30,48,From RDC,Truck,Uganda,Adult,Tablet,Yes,673.25
1.78,0.01,825.0,240,1222,From RDC,Air,Zambia,Pediatric,Oral,Yes,6380.09
9.1,0.16,29.0,100,45,Direct Drop,Air,Haiti,HIV test,Test kit,Yes,854.34
24.5,0.16,2771.0,1,4156,Direct Drop,Air,Rwanda,HIV test,Test kit,Yes,36502.8
32.0,0.16,10.0,20,30,Direct Drop,Air,Tanzania,HIV test,Test kit,Yes,910.73
9.1,0.8,1363.0,100,2814,Direct Drop,Air,Zambia,HIV test,Test kit,Yes,22746.62
2.98,0.1,8385.0,30,43065,Direct Drop,Ocean,Haiti,Adult,Tablet,No,12336.45
20.0,0.8,3334.0,25,10000,Direct Drop,Air,Tanzania,HIV test,Test kit,Yes,23623.43
15.26,0.17,481.0,90,4000,From RDC,Air,Zambia,Pediatric,Capsule,Yes,2951.12
15.04,0.25,523.0,60,5125,From RDC,Truck,Zambia,Adult,Tablet,Yes,3949.19
32.0,0.16,3.0,20,5,Direct Drop,Air,Others,HIV test,Test kit,Yes,1225.17
11.4,0.19,4531.0,60,40230,From RDC,Air Charter,Nigeria,Adult,Tablet,Yes,30983.24
3.91,0.13,1237.0,30,182876,From RDC,Truck,Zambia,Adult,Tablet,No,7317.47
3.4,0.06,2773.0,60,50000,From RDC,Truck,Zambia,Adult,Tablet,Yes,2938.92
35.21,0.07,1250.0,540,2000,Direct Drop,Air,Nigeria,ACT,Tablet,Yes,17170.07
8.76,0.15,263.0,60,4000,From RDC,Air,Uganda,Adult,Tablet,Yes,2458.26
32.0,0.16,1265.0,20,3700,Direct Drop,Air,Mozambique,HIV test,Test kit,Yes,18937.3
8.1,0.13,5714.0,60,39449,Direct Drop,Air,Uganda,Adult,Tablet,Yes,20416.03
9.1,1.39,2.0,100,3,Direct Drop,Air,Haiti,HIV test,Test kit,Yes,1800.33
8.1,0.13,3868.0,60,27900,Direct Drop,Air,Vietnam,Adult,Tablet,Yes,7238.46
16.73,0.56,3203.0,30,26798,From RDC,Air Charter,Nigeria,Adult,Tablet,Yes,25231.96
0.01,0.0,2278.0,100,7690,Direct Drop,Air,Mozambique,HIV test - Ancillary,Test kit,Yes,23743.01
9.1,0.89,4495.0,100,11054,Direct Drop,Air,Nigeria,HIV test,Test kit,Yes,67915.7
24.5,0.16,2777.0,1,4162,Direct Drop,Air,Ethiopia,HIV test,Test kit,Yes,34137.03
2.33,0.04,101.0,60,2111,From RDC,Air,Haiti,Adult,Tablet,Yes,1697.33
8.0,0.08,400.0,100,10000,Direct Drop,Air,Ethiopia,HIV test - Ancillary,Test kit,Yes,4856.14
4.0,0.07,305.0,60,4000,From RDC,Air,Zimbabwe,Adult,Tablet,Yes,2698.04
8.5,0.28,81.0,30,171,Direct Drop,Air,Others,Pediatric,Capsule,Yes,2782.94
4.67,0.16,2970.0,30,31680,Direct Drop,Air,South Africa,Adult,Tablet,Yes,4263.08
6.08,0.2,1072.0,30,103,From RDC,Air,Others,Adult,Tablet,Yes,5636.3
10.5,0.35,8113.0,30,60000,Direct Drop,Ocean,Haiti,Adult,Tablet,Yes,8217.8
1.45,0.02,3998.0,60,14428,Direct Drop,Air,Vietnam,Adult,Capsule,No,12974.12
29.0,0.16,6.0,20,15,Direct Drop,Air,Others,HIV test,Test kit,Yes,325.67
2.0,0.07,8.0,30,168,Direct Drop,Air,Uganda,Pediatric,Capsule,Yes,1021.34
2.9,0.05,138.0,60,1437,From RDC,Air,Côte d'Ivoire,Adult,Tablet,Yes,1211.48
4.22,0.14,5406.0,30,45608,From RDC,Truck,Mozambique,Adult,Tablet,Yes,7664.01
50.0,0.28,24.0,180,112,From RDC,Air,Rwanda,Adult,Capsule,Yes,1161.0
7.72,0.13,1237.0,60,131607,From RDC,Air Charter,Nigeria,Adult,Tablet,No,36027.0
30.0,0.25,5734.0,120,22600,Direct Drop,Ocean,Côte d'Ivoire,Adult,Tablet,Yes,24624.0
2.33,0.04,264.0,60,4700,From RDC,Air Charter,Nigeria,Adult,Tablet,Yes,15322.73
2.26,0.04,5925.0,60,44716,From RDC,Truck,Zimbabwe,Adult,Tablet,Yes,13770.65
9.1,0.89,2278.0,100,7982,Direct Drop,Air,Others,HIV test,Test kit,Yes,31382.03
1.52,0.03,5184.0,60,78460,From RDC,Air,Ethiopia,Adult,Capsule,Yes,17910.0
32.0,0.16,41.0,20,120,Direct Drop,Air,Others,HIV test,Test kit,Yes,1862.27
11.0,0.37,2267.0,30,25000,From RDC,Air Charter,Nigeria,Adult,Tablet,Yes,15128.37
1.43,0.01,2769.0,240,4000,From RDC,Air,Haiti,Pediatric,Oral,Yes,29216.84
21.42,0.36,257.0,60,2590,From RDC,Air,Côte d'Ivoire,Adult,Tablet,Yes,1211.48
9.1,0.7,45.0,100,200,Direct Drop,Air,Others,HIV test,Test kit,Yes,10486.42
5.38,0.09,1237.0,60,19512,From RDC,Truck,Zimbabwe,Adult,Tablet,Yes,15608.15
10.5,0.35,2959.0,30,20856,Direct Drop,Air,Vietnam,Adult,Tablet,Yes,4427.52
6.86,0.23,7092.0,30,105707,Direct Drop,Ocean,South Africa,Adult,Tablet,Yes,7704.77
15.08,0.06,65.0,240,132,Direct Drop,Air,Tanzania,Pediatric,Oral,Yes,633.0
10.52,0.35,1237.0,30,238606,From RDC,Air,Uganda,Adult,Tablet,Yes,24816.73
9.1,0.72,979.0,100,4300,Direct Drop,Air,Zambia,HIV test,Test kit,Yes,8690.26
16.73,0.56,1133.0,30,10000,From RDC,Truck,Zambia,Adult,Tablet,Yes,6079.27
2.44,0.08,3237.0,30,54768,Direct Drop,Ocean,South Africa,Pediatric,Capsule,Yes,10923.46
1.75,0.03,354.0,60,6200,From RDC,Air,Côte d'Ivoire,Adult,Capsule,Yes,4147.9
4.65,0.16,2100.0,30,20993,Direct Drop,Air,Others,Adult,Tablet,Yes,17568.6
9.1,0.8,1284.0,100,2953,Direct Drop,Air,Côte d'Ivoire,HIV test,Test kit,Yes,23273.76
8.26,0.14,1237.0,60,255001,From RDC,Air Charter,Nigeria,Adult,Tablet,Yes,30936.1
9.5,0.16,43.0,60,80,Direct Drop,Air,Haiti,Pediatric,Tablet,Yes,260.0
8.42,0.14,1820.0,60,19836,Direct Drop,Ocean,South Africa,Adult,Tablet,Yes,698.0
8.2,0.14,759.0,60,8245,Direct Drop,Air,Vietnam,Adult,Tablet,Yes,7261.69
5.85,0.1,7112.0,60,47390,From RDC,Air,Zimbabwe,Adult,Tablet,Yes,3833.17
8.61,0.14,2148.0,60,22008,Direct Drop,Air,Vietnam,Adult,Tablet,Yes,12793.94
27.0,1.35,3276.0,20,11500,Direct Drop,Air,Nigeria,HIV test,Test kit,Yes,43664.71
27.0,1.35,18.0,20,50,Direct Drop,Air,Others,HIV test,Test kit,Yes,378.6
2.21,0.04,1483.0,60,23003,Direct Drop,Air,Vietnam,Adult,Tablet,Yes,11346.48
7.35,0.24,1237.0,30,100000,Direct Drop,Air,Zambia,Adult,Tablet,Yes,50030.37
24.5,0.16,1992.0,1,2988,Direct Drop,Air,Rwanda,HIV test,Test kit,Yes,26266.34
14.93,0.25,2283.0,60,23845,Direct Drop,Ocean,South Africa,Adult,Tablet,Yes,3649.67
1.99,0.03,168.0,60,2890,From RDC,Truck,Mozambique,Adult,Tablet,Yes,4120.69
9.5,0.05,1237.0,180,3027,From RDC,Air,Côte d'Ivoire,Pediatric,Oral,Yes,25563.0
12.42,0.41,338.0,30,4332,From RDC,Air,Zambia,Adult,Tablet,Yes,1890.76
38.36,0.11,298.0,336,120,Direct Drop,Air,Rwanda,Adult,Capsule,Yes,2204.08
7.78,0.13,2721.0,60,29980,From RDC,Air Charter,Nigeria,Adult,Tablet,Yes,27441.22
9.1,1.0,439.0,100,915,Direct Drop,Air,Others,HIV test,Test kit,Yes,11941.94
2.33,0.04,33.0,60,696,From RDC,Air,Others,Adult,Tablet,Yes,1002.59
6.57,0.22,542.0,30,6020,From RDC,Air,Ethiopia,Adult,Tablet,Yes,3935.92
8.76,0.15,3190.0,60,35300,From RDC,Air Charter,Nigeria,Adult,Tablet,Yes,11637.64
11.22,0.19,1237.0,60,31932,From RDC,Air,Uganda,Adult,Tablet,No,56372.66
2.1,0.01,1152.0,240,3000,From RDC,Truck,Côte d'Ivoire,Pediatric,Oral,Yes,5971.13
8.26,0.14,1237.0,60,212934,From RDC,Truck,Uganda,Adult,Tablet,Yes,19248.7
27.0,1.35,38.0,20,140,Direct Drop,Air,Ethiopia,HIV test,Test kit,Yes,447.73
9.1,0.29,2143.0,270,23,From RDC,Air,Côte d'Ivoire,Adult,Capsule,No,10137.04
9.1,0.89,1303.0,100,2744,Direct Drop,Air,Nigeria,HIV test,Test kit,Yes,28734.43
6.91,0.23,7540.0,30,88289,Direct Drop,Ocean,South Africa,Adult,Tablet,Yes,5460.48
11.0,0.18,1237.0,60,12762,From RDC,Truck,Uganda,Adult,Tablet,No,55175.61
9.72,0.32,1404.0,30,8438,From RDC,Truck,Mozambique,Adult,Tablet,Yes,1588.05
6.07,0.2,2006.0,30,24042,From RDC,Truck,Tanzania,Adult,Tablet,Yes,3300.95
11.22,0.19,1237.0,60,105160,From RDC,Air Charter,Nigeria,Adult,Tablet,Yes,21326.73
6.6,0.11,21.0,60,228,From RDC,Air,Others,Adult,Tablet,Yes,973.48
50.4,0.16,169.0,30,2000,Direct Drop,Air,Nigeria,Adult,Tablet,Yes,924.4
10.78,0.36,8281.0,30,61123,From RDC,Truck,Rwanda,Adult,Tablet,Yes,14311.0
8.55,0.14,386.0,60,2316,From RDC,Air,Uganda,Adult,Tablet,Yes,2294.85
2.1,0.01,437.0,240,691,Direct Drop,Air,Vietnam,Pediatric,Oral,No,1222.31
1.85,0.03,321.0,60,3900,Direct Drop,Air,Côte d'Ivoire,Pediatric,Tablet,Yes,3740.01
16.96,0.09,1234.0,180,4200,Direct Drop,Air,Côte d'Ivoire,Pediatric,Oral,Yes,2786.22
10.25,0.17,980.0,60,10000,From RDC,Air,Côte d'Ivoire,Adult,Tablet,Yes,3179.0
13.52,0.45,389.0,30,3273,From RDC,Air,Uganda,Adult,Tablet,Yes,2786.61
38.36,0.11,116.0,336,44,Direct Drop,Air,Uganda,Adult,Capsule,Yes,985.78
13.96,0.47,1600.0,30,7051,From RDC,Air,Uganda,Adult,Tablet,No,8699.8
1.99,0.01,71.0,240,10,From RDC,Air,Others,Pediatric,Oral,Yes,1334.92
32.0,0.16,248.0,20,750,Direct Drop,Air,Others,HIV test,Test kit,Yes,6654.24
32.0,0.16,5.0,20,11,Direct Drop,Air,Others,HIV test,Test kit,Yes,578.73
9.1,0.51,824.0,120,3812,Direct Drop,Air,Vietnam,Adult,Tablet,Yes,3216.15
18.0,0.6,1805.0,30,13823,Direct Drop,Air,Rwanda,Adult,Tablet,Yes,10743.33
3.24,0.11,1006.0,30,11517,Direct Drop,Air,Vietnam,Adult,Tablet,Yes,3001.35
27.6,0.92,44.0,30,414,Direct Drop,Air,Others,HIV test,Test kit,Yes,694.1
4.26,0.14,2806.0,30,35357,Direct Drop,Ocean,South Africa,Adult,Tablet,Yes,7292.27
13.0,0.22,4669.0,60,632,Direct Drop,Air,Vietnam,Adult,Tablet,Yes,8334.77
32.0,0.16,508.0,20,73,Direct Drop,Air,Others,HIV test,Test kit,No,3918.37
6.85,0.11,102.0,60,780,Direct Drop,Air,Côte d'Ivoire,Adult,Tablet,Yes,1743.84
11.35,0.19,1894.0,60,11216,From RDC,Air,Uganda,Adult,Tablet,Yes,13293.41
4.13,0.14,3720.0,30,43657,Direct Drop,Air,Rwanda,Adult,Tablet,Yes,35499.58
9.1,0.16,111.0,50,80,Direct Drop,Air,Mozambique,HIV test,Test kit,Yes,1368.78
9.59,0.11,5092.0,84,760,From RDC,Air,Mozambique,Adult,Capsule,No,8118.64
8.5,0.04,297.0,240,800,From RDC,Truck,Rwanda,Pediatric,Oral,Yes,2282.79
32.0,0.16,508.0,20,41,Direct Drop,Air,Others,HIV test,Test kit,No,3918.37
20.22,0.17,2518.0,120,11193,From RDC,Truck,Rwanda,Adult,Tablet,Yes,33986.07
25.0,0.16,6.0,3,10,Direct Drop,Air,Others,HIV test - Ancillary,Test kit,Yes,322.12
3.4,0.06,231.0,60,2454,From RDC,Air,Nigeria,Adult,Tablet,Yes,4401.4
10.28,0.17,10.0,60,46,Direct Drop,Air,Haiti,Pediatric,Tablet,Yes,893.22
20.0,0.8,2667.0,25,8000,Direct Drop,Air,Tanzania,HIV test,Test kit,Yes,17773.94
12.01,0.4,4247.0,30,50000,From RDC,Truck,Zambia,Adult,Tablet,No,8231.95
11.75,0.39,2700.0,30,30000,From RDC,Air Charter,Nigeria,Adult,Tablet,Yes,6147.18
20.5,0.82,1281.0,25,3700,Direct Drop,Air,Côte d'Ivoire,HIV test,Test kit,Yes,13222.33
10.15,0.34,2406.0,30,21384,Direct Drop,Air,Vietnam,Adult,Tablet,Yes,4219.32
7.4,0.12,2262.0,60,22240,From RDC,Air,Zimbabwe,Adult,Tablet,Yes,7364.52
8.15,0.14,1846.0,60,12488,Direct Drop,Air,Vietnam,Adult,Tablet,Yes,3314.03
9.1,0.96,978.0,100,2400,Direct Drop,Air,Others,HIV test,Test kit,Yes,10159.15
10.45,0.17,1237.0,60,30000,Direct Drop,Air,Vietnam,Adult,Tablet,Yes,17392.05
32.0,0.16,4956.0,20,15000,Direct Drop,Air,Others,HIV test,Test kit,Yes,36219.03
1.9,0.03,45.0,60,638,From RDC,Air,Uganda,Pediatric,Tablet,Yes,747.76
2.0,0.01,161.0,240,367,Direct Drop,Air,Others,Pediatric,Oral,Yes,2038.97
5.5,0.09,4007.0,60,63200,Direct Drop,Air,Tanzania,Adult,Tablet,Yes,23397.41
1.95,0.01,2987.0,240,8000,From RDC,Truck,Mozambique,Pediatric,Oral,Yes,2779.53
2.21,0.04,1237.0,60,157062,From RDC,Truck,Rwanda,Adult,Tablet,Yes,12757.0
1.95,0.01,1237.0,240,30000,From RDC,Air,Ethiopia,Pediatric,Oral,Yes,33216.14
9.1,0.61,51.0,336,12,Direct Drop,Air,Vietnam,Adult,Capsule,Yes,4042.47
9.1,0.8,341.0,100,1000,Direct Drop,Air,Nigeria,HIV test,Test kit,Yes,2682.47
27.0,1.35,14.0,20,40,Direct Drop,Air,Others,HIV test,Test kit,Yes,269.98
8.76,0.15,5334.0,60,61920,From RDC,Air,Côte d'Ivoire,Adult,Tablet,Yes,8815.65
6.5,0.22,1503.0,30,19152,Direct Drop,Air,Vietnam,Adult,Tablet,Yes,11884.14
7.02,0.12,639.0,60,6376,From RDC,Truck,Zambia,Adult,Tablet,Yes,889.94
8.1,0.13,8402.0,60,60678,Direct Drop,Air,Uganda,Adult,Tablet,Yes,28304.85
24.0,0.02,902.0,1000,1070,Direct Drop,Air,Others,Malaria,Tablet,Yes,5914.0
19.92,0.66,79.0,30,720,From RDC,Air,Uganda,Adult,Tablet,Yes,2305.65
2.33,0.04,2238.0,60,20000,From RDC,Air Charter,Nigeria,Adult,Tablet,Yes,17090.0
18.9,0.16,3814.0,120,15826,From RDC,Air Charter,Nigeria,Adult,Tablet,Yes,29674.92
16.0,0.18,128.0,90,1064,From RDC,Air,Zambia,Pediatric,Capsule,Yes,944.21
9.1,0.16,72.0,100,30,Direct Drop,Air,Haiti,HIV test,Test kit,Yes,2556.61
2.93,0.01,907.0,240,2468,Direct Drop,Air,Rwanda,Pediatric,Oral,Yes,650.81
5.58,0.09,6904.0,60,33650,From RDC,Truck,Mozambique,Adult,Tablet,Yes,5816.46
29.0,0.16,972.0,20,3401,Direct Drop,Air,Nigeria,HIV test,Test kit,Yes,10191.28
24.76,0.21,3264.0,120,3524,From RDC,Truck,Côte d'Ivoire,Adult,Tablet,Yes,14368.65
19.92,0.66,329.0,30,3000,From RDC,Air Charter,Nigeria,Adult,Tablet,Yes,9736.1
18.64,0.16,21.0,120,100,From RDC,Air,Others,Adult,Tablet,Yes,632.63
5.5,0.18,372.0,30,4000,From RDC,Truck,Côte d'Ivoire,Adult,Tablet,Yes,2333.91
1.55,0.03,58.0,60,858,From RDC,Truck,Nigeria,Adult,Capsule,Yes,7363.73
3.6,0.06,849.0,60,13660,From RDC,Air Charter,Nigeria,Pediatric,Tablet,Yes,1871.34
9.5,0.16,80.0,60,1350,From RDC,Air,Uganda,Adult,Tablet,Yes,739.0
6.65,0.22,7105.0,30,76097,Direct Drop,Ocean,South Africa,Adult,Tablet,Yes,6121.41
9.1,1.0,1623.0,100,4000,Direct Drop,Air,Haiti,HIV test,Test kit,Yes,15230.88
9.1,0.72,324.0,100,1000,Direct Drop,Air,Zimbabwe,HIV test,Test kit,Yes,3791.81
11.4,0.19,7663.0,60,60840,From RDC,Air,Nigeria,Adult,Tablet,Yes,33279.39
6.85,0.11,43.0,60,110,Direct Drop,Air,Rwanda,Adult,Tablet,Yes,1046.02
2.1,0.01,1587.0,240,4000,From RDC,Air,Haiti,Pediatric,Oral,Yes,16163.28
3.91,0.13,816.0,30,13373,From RDC,Air,Uganda,Adult,Tablet,Yes,7964.24
22.5,0.75,1320.0,30,3912,Direct Drop,Air,Rwanda,HIV test,Test kit,Yes,15022.74
36.0,0.3,24.0,120,111,Direct Drop,Air,Uganda,Adult,Tablet,Yes,330.0
11.23,0.19,4919.0,60,6750,From RDC,Truck,Côte d'Ivoire,Adult,Tablet,Yes,17647.73
17.0,0.57,265.0,30,4000,From RDC,Air,Rwanda,Adult,Tablet,Yes,11931.0
1.92,0.01,46.0,240,127,From RDC,Air,Uganda,Pediatric,Oral,Yes,740.34
9.1,0.8,1184.0,100,2730,Direct Drop,Air,Zambia,HIV test,Test kit,Yes,17657.02
8.52,0.14,105.0,60,1926,From RDC,Air,Côte d'Ivoire,Adult,Tablet,Yes,977.55
4.7,0.16,833.0,30,6377,From RDC,Truck,Côte d'Ivoire,Adult,Tablet,Yes,4730.18
2.44,0.04,327.0,60,6385,From RDC,Air,Rwanda,Adult,Tablet,Yes,1762.5
41.1,0.34,3073.0,120,12560,Direct Drop,Air,Tanzania,Adult,Tablet,Yes,12815.42
9.1,0.72,1183.0,100,2450,Direct Drop,Air,Zimbabwe,HIV test,Test kit,Yes,21170.3
20.0,0.8,3335.0,25,10000,Direct Drop,Air,Tanzania,HIV test,Test kit,Yes,23650.43
5.36,0.18,5897.0,30,25000,From RDC,Air,Nigeria,Adult,Tablet,Yes,18461.22
4.5,0.04,76.0,100,670,Direct Drop,Air,Côte d'Ivoire,Pediatric,Capsule,Yes,1921.02
26.09,0.43,3.0,60,46,Direct Drop,Air,Uganda,Pediatric,Capsule,Yes,986.79
10.02,0.04,1237.0,240,60000,Direct Drop,Air,South Africa,Pediatric,Oral,Yes,27372.24
9.1,0.8,1428.0,100,3000,Direct Drop,Air,Zambia,HIV test,Test kit,Yes,25760.94
3.5,0.12,953.0,30,2800,Direct Drop,Air,Vietnam,Adult,Tablet,Yes,1593.67
9.1,0.72,296.0,100,1000,Direct Drop,Air,Mozambique,HIV test,Test kit,Yes,2648.82
9.1,0.8,2634.0,100,6500,Direct Drop,Air,Côte d'Ivoire,HIV test,Test kit,Yes,30778.29
3.21,0.05,242.0,60,2180,Direct Drop,Air,Vietnam,Adult,Tablet,Yes,5881.57
7.72,0.13,7666.0,60,52378,From RDC,Air Charter,Nigeria,Adult,Tablet,Yes,16532.5
4.67,0.16,3240.0,30,34560,Direct Drop,Air,South Africa,Adult,Tablet,Yes,4263.07
10.15,0.34,2510.0,30,22232,Direct Drop,Air,Vietnam,Adult,Tablet,Yes,4363.06
41.1,0.34,222.0,120,1110,From RDC,Air,Côte d'Ivoire,Adult,Tablet,Yes,1603.0
3.6,0.06,1237.0,60,204713,Direct Drop,Ocean,Zimbabwe,Pediatric,Tablet,Yes,22059.25
3.6,0.06,558.0,60,10000,From RDC,Air,Rwanda,Pediatric,Tablet,Yes,3989.81
4.61,0.15,1237.0,30,4,From RDC,Air Charter,Nigeria,Adult,Tablet,Yes,69737.0
32.0,0.16,1024.0,20,3140,Direct Drop,Air,Others,HIV test,Test kit,Yes,10304.62
11.22,0.19,6949.0,60,48821,From RDC,Air Charter,Nigeria,Adult,Tablet,Yes,27441.22
9.72,0.32,434.0,30,5010,From RDC,Air,Côte d'Ivoire,Adult,Tablet,Yes,1854.88
17.0,0.57,9006.0,30,3318,From RDC,Air,Mozambique,Adult,Tablet,No,9869.55
14.63,0.24,1677.0,60,15000,From RDC,Truck,Zambia,Adult,Tablet,Yes,8510.81
1.86,0.01,1928.0,240,4000,From RDC,Air,Côte d'Ivoire,Pediatric,Oral,Yes,8050.55
26.25,0.88,58.0,30,656,From RDC,Air,Uganda,Adult,Tablet,Yes,794.22
11.0,0.18,1237.0,60,71568,From RDC,Truck,Uganda,Adult,Tablet,Yes,55175.61
6.47,0.22,7991.0,30,112595,Direct Drop,Ocean,South Africa,Adult,Tablet,Yes,9972.68
7.12,0.12,5597.0,60,76000,From RDC,Truck,Mozambique,Adult,Tablet,Yes,1799.88
30.82,0.1,56.0,300,30,Direct Drop,Air,Others,Pediatric,Oral,Yes,460.9
2.25,0.04,1863.0,60,18216,Direct Drop,Air,Uganda,Adult,Tablet,Yes,6757.18
1.45,0.02,1516.0,60,21000,Direct Drop,Air,Vietnam,Adult,Capsule,Yes,11915.51
16.0,0.18,26.0,90,210,From RDC,Air,Haiti,Pediatric,Capsule,Yes,997.46
13.52,0.45,55.0,30,611,From RDC,Truck,Côte d'Ivoire,Adult,Tablet,Yes,1335.15
23.0,0.16,5057.0,1,6998,Direct Drop,Air,Ethiopia,HIV test,Test kit,Yes,44347.71
13.15,0.22,67.0,60,629,From RDC,Air,Rwanda,Adult,Tablet,Yes,1618.12
2.26,0.04,2520.0,60,40869,From RDC,Truck,Zimbabwe,Adult,Tablet,Yes,15000.0
2.21,0.04,1878.0,60,30666,From RDC,Truck,Rwanda,Adult,Tablet,Yes,11085.83
27.0,1.35,1445.0,20,3982,Direct Drop,Air,Ethiopia,HIV test,Test kit,Yes,7303.25
32.0,0.16,15.0,20,43,Direct Drop,Air,Ethiopia,HIV test,Test kit,Yes,406.68
5.38,0.09,1237.0,60,51722,From RDC,Truck,Zimbabwe,Adult,Tablet,Yes,16064.09
2.06,0.01,1237.0,240,50000,Direct Drop,Ocean,South Africa,Pediatric,Oral,Yes,22647.81
20.0,0.67,2402.0,30,18000,Direct Drop,Air,Rwanda,Adult,Tablet,Yes,1832.54
4.7,0.16,3749.0,30,40534,From RDC,Truck,Zimbabwe,Adult,Tablet,Yes,9708.48
20.5,0.68,1237.0,30,1461,Direct Drop,Air,Côte d'Ivoire,Adult,Tablet,Yes,1664.12
32.0,0.16,500.0,20,1400,Direct Drop,Air,Others,HIV test,Test kit,Yes,5061.46
1.4,0.02,32.0,60,672,Direct Drop,Air,Vietnam,Adult,Capsule,Yes,1701.1
4.13,0.14,2957.0,30,30000,Direct Drop,Air,Vietnam,Adult,Tablet,Yes,14589.33
9.1,0.2,52.0,300,20,Direct Drop,Air,Others,Pediatric,Oral,Yes,1152.9
1.4,0.02,230.0,60,3850,From RDC,Air,Haiti,Adult,Capsule,Yes,2936.8
2.35,0.04,1403.0,60,29847,Direct Drop,Air,Vietnam,Adult,Tablet,Yes,6475.64
8.13,0.14,4190.0,60,33022,Direct Drop,Air,Tanzania,Adult,Tablet,Yes,16066.92
3.75,0.06,1920.0,60,20000,From RDC,Air,Zimbabwe,Pediatric,Tablet,Yes,5055.8
4.51,0.15,5623.0,30,64260,Direct Drop,Ocean,South Africa,Adult,Tablet,Yes,630.5
2.33,0.04,2.0,60,43,From RDC,Air,Others,Adult,Tablet,Yes,91.42
9.1,1.39,78.0,100,110,Direct Drop,Air,Haiti,HIV test,Test kit,Yes,1953.6
16.5,0.55,752.0,30,1883,From RDC,Air,Rwanda,HIV test,Test kit,Yes,4436.76
15.5,0.26,395.0,60,1907,From RDC,Air,Côte d'Ivoire,Pediatric,Tablet,Yes,1042.58
5.94,0.1,1485.0,60,8800,Direct Drop,Air,Others,Pediatric,Tablet,Yes,10334.23
9.1,0.8,1259.0,100,3038,Direct Drop,Air,Zambia,HIV test,Test kit,Yes,19517.12
3.67,0.06,152.0,60,1629,From RDC,Air,Zimbabwe,Adult,Tablet,Yes,912.45
7.2,0.12,6883.0,60,92950,From RDC,Air,Mozambique,Adult,Tablet,Yes,7534.18
12.96,0.43,6342.0,30,53787,From RDC,Truck,Zambia,Adult,Tablet,Yes,42040.3
8.11,0.14,1851.0,60,15862,From RDC,Truck,Rwanda,Adult,Tablet,Yes,5445.73
14.1,0.47,175.0,30,1244,Direct Drop,Air,Others,Adult,Tablet,Yes,5864.56
4.62,0.15,4539.0,30,45632,Direct Drop,Air,Others,Adult,Tablet,Yes,22271.36
8.26,0.14,8750.0,60,60000,From RDC,Truck,Côte d'Ivoire,Adult,Tablet,Yes,28864.27
2.47,0.04,9019.0,60,185954,Direct Drop,Ocean,South Africa,Adult,Tablet,Yes,13677.68
8.97,0.15,1237.0,60,182729,From RDC,Truck,Mozambique,Adult,Tablet,Yes,7733.77
16.97,0.09,1554.0,180,4077,From RDC,Air,Côte d'Ivoire,Pediatric,Oral,Yes,4963.0
10.68,0.18,8169.0,60,85158,From RDC,Air,Zambia,Adult,Tablet,Yes,33572.78
9.1,1.0,2557.0,100,6302,Direct Drop,Air,Haiti,HIV test,Test kit,Yes,21256.43
32.0,0.16,63.0,20,179,Direct Drop,Air,Others,HIV test,Test kit,Yes,2147.11
1.95,0.01,1237.0,240,24496,From RDC,Truck,Mozambique,Pediatric,Oral,Yes,6483.81
41.1,0.14,88.0,300,746,From RDC,Air,Zambia,Pediatric,Oral,Yes,1566.21
10.0,0.33,168.0,30,2000,From RDC,Air,Uganda,Adult,Tablet,Yes,1905.63
7.21,0.12,586.0,60,10776,From RDC,Truck,Zambia,Adult,Tablet,Yes,8045.76
2.18,0.04,4355.0,60,1400,From RDC,Truck,Mozambique,Adult,Tablet,Yes,3644.18
1.46,0.02,47.0,60,735,From RDC,Air,Mozambique,Adult,Capsule,Yes,955.36
32.0,0.16,500.0,20,500,Direct Drop,Air,Others,HIV test,Test kit,Yes,2442.32
9.1,0.8,1036.0,100,6636,Direct Drop,Air,Others,HIV test,Test kit,Yes,11163.27
8.55,0.14,1237.0,60,120000,From RDC,Truck,Zambia,Adult,Tablet,Yes,12049.4
9.36,0.31,6683.0,30,82981,Direct Drop,Ocean,Rwanda,Adult,Tablet,Yes,14760.6
8.76,0.15,4176.0,60,34769,From RDC,Air,Haiti,Adult,Tablet,Yes,1005.2
1.92,0.01,581.0,240,1547,From RDC,Air,Côte d'Ivoire,Pediatric,Oral,Yes,1234.9
7.0,0.12,7515.0,60,75000,From RDC,Air Charter,Nigeria,Adult,Tablet,Yes,14547.55
2.2,0.04,1237.0,60,158000,Direct Drop,Air Charter,Zimbabwe,Adult,Tablet,Yes,68350.52
7.33,0.12,3534.0,60,70030,Direct Drop,Ocean,South Africa,Adult,Tablet,Yes,17919.41
24.0,0.8,3997.0,30,11990,Direct Drop,Air,Tanzania,HIV test,Test kit,Yes,28620.81
1.45,0.02,432.0,60,9275,Direct Drop,Air,Vietnam,Adult,Capsule,Yes,7444.35
4.64,0.15,1447.0,30,5000,From RDC,Air Charter,Nigeria,Adult,Tablet,Yes,28812.57
11.22,0.19,1237.0,60,75000,From RDC,Truck,Côte d'Ivoire,Adult,Tablet,Yes,22878.26
2.26,0.04,1237.0,60,33571,From RDC,Air Charter,Nigeria,Adult,Tablet,Yes,37242.5
2.9,0.05,26.0,60,500,From RDC,Air,Uganda,Adult,Tablet,Yes,1096.71
11.15,0.19,2011.0,60,16300,Direct Drop,Air,Vietnam,Adult,Tablet,Yes,11648.31
1.75,0.03,15.0,60,253,From RDC,Air,Nigeria,Adult,Capsule,Yes,460.0
11.22,0.19,1237.0,60,100000,From RDC,Truck,Uganda,Adult,Tablet,Yes,78442.21
11.0,0.18,1414.0,60,5525,From RDC,Truck,Uganda,Adult,Tablet,Yes,4054.19
8.76,0.15,4660.0,60,54096,From RDC,Air Charter,Nigeria,Adult,Tablet,Yes,9736.1
2.0,0.07,3584.0,30,50000,From RDC,Air,Mozambique,Adult,Tablet,Yes,8405.91
32.0,0.16,508.0,20,70,Direct Drop,Air,Others,HIV test,Test kit,Yes,3918.37
11.49,0.38,701.0,30,6200,Direct Drop,Ocean,Others,Adult,Tablet,Yes,3548.81
3.24,0.11,2471.0,30,21203,Direct Drop,Ocean,Haiti,Adult,Tablet,Yes,4532.44
25.45,0.42,936.0,60,9243,From RDC,Truck,Tanzania,Adult,Tablet,Yes,2233.61
30.82,0.26,7025.0,120,28000,Direct Drop,Air,Côte d'Ivoire,Adult,Tablet,Yes,46002.44
9.35,0.16,262.0,60,2780,From RDC,Air,Nigeria,Adult,Tablet,Yes,2426.8
10.68,0.18,2846.0,60,229,From RDC,Air,Nigeria,Adult,Tablet,No,13873.0
10.19,0.34,613.0,30,8400,Direct Drop,Air,Vietnam,Adult,Tablet,Yes,3247.73
1.86,0.01,5343.0,240,26200,From RDC,Truck,Mozambique,Pediatric,Oral,Yes,12803.35
2.47,0.04,8048.0,60,164908,Direct Drop,Ocean,South Africa,Adult,Tablet,Yes,12225.76
9.1,0.16,25.0,25,33,Direct Drop,Air,Others,HIV test,Test kit,Yes,238.56
9.1,0.72,16.0,100,70,Direct Drop,Air,Côte d'Ivoire,HIV test,Test kit,Yes,515.48
9.5,0.16,1008.0,60,9476,From RDC,Air,Tanzania,Adult,Tablet,Yes,4207.4
2.42,0.04,1499.0,60,26432,From RDC,Truck,Uganda,Adult,Tablet,Yes,10915.97
11.8,0.2,1435.0,60,11188,From RDC,Air,Ethiopia,Adult,Tablet,Yes,9138.0
19.32,0.16,166.0,120,646,Direct Drop,Air,Haiti,Adult,Tablet,Yes,737.11
6.2,0.03,2846.0,240,1622,From RDC,Air,Nigeria,Pediatric,Oral,No,13873.0
6.86,0.23,5624.0,30,82500,Direct Drop,Ocean,South Africa,Adult,Tablet,Yes,7378.63
1.9,0.01,1208.0,240,3500,From RDC,Air,Côte d'Ivoire,Pediatric,Oral,Yes,4329.01
10.68,0.18,2630.0,60,28512,From RDC,Air,Tanzania,Adult,Tablet,Yes,13820.4
20.0,0.8,3336.0,25,10000,Direct Drop,Air,Tanzania,HIV test,Test kit,Yes,28837.28
6.52,0.11,6237.0,60,75535,From RDC,Truck,Mozambique,Adult,Tablet,Yes,5443.53
20.0,0.8,3334.0,25,10000,Direct Drop,Air,Tanzania,HIV test,Test kit,Yes,45032.55
9.1,0.8,2384.0,100,5000,Direct Drop,Air,Mozambique,HIV test,Test kit,Yes,43848.04
2.3,0.04,21.0,60,298,Direct Drop,Air,Haiti,Pediatric,Tablet,Yes,304.62
8.26,0.14,318.0,60,28168,From RDC,Truck,Mozambique,Adult,Tablet,Yes,6025.73
2.21,0.04,3360.0,60,54470,From RDC,Truck,Zambia,Adult,Tablet,Yes,9527.17
5.73,0.1,668.0,60,9200,From RDC,Air,Ethiopia,Adult,Tablet,Yes,2633.57
8.23,0.27,656.0,30,7441,From RDC,Truck,Uganda,Adult,Tablet,Yes,4376.56
27.0,1.35,1.0,20,5,Direct Drop,Air,Others,HIV test,Test kit,Yes,283.21
2.38,0.04,780.0,60,15000,Direct Drop,Air,Ethiopia,Adult,Tablet,Yes,2949.1
9.1,0.61,254.0,270,1000,Direct Drop,Air,Vietnam,Adult,Tablet,Yes,7828.28
41.1,0.14,83.0,300,630,From RDC,Air,Zambia,Pediatric,Oral,Yes,4522.03
9.1,0.29,1736.0,270,252,From RDC,Air,Côte d'Ivoire,Adult,Capsule,Yes,14182.54
35.5,0.59,239.0,60,5000,From RDC,Air,Zambia,Adult,Tablet,Yes,1684.15
55.5,0.92,11.0,60,120,Direct Drop,Air,Haiti,Adult,Tablet,Yes,260.0
16.0,0.18,72.0,90,604,From RDC,Air,Zambia,Pediatric,Capsule,Yes,723.59
9.5,0.16,8343.0,60,58086,From RDC,Air,Tanzania,Adult,Tablet,Yes,9001.03
15.26,0.17,1237.0,90,680,From RDC,Truck,Zambia,Pediatric,Capsule,No,17384.76
32.4,0.36,45.0,90,409,From RDC,Air,Mozambique,Pediatric,Capsule,Yes,348.09
41.1,0.34,50.0,120,220,From RDC,Air,Uganda,Adult,Tablet,Yes,1359.4
2.1,0.01,5511.0,240,14668,From RDC,Air,Uganda,Pediatric,Oral,Yes,7876.44
7.5,0.12,992.0,60,9000,From RDC,Air,Côte d'Ivoire,Adult,Tablet,Yes,3205.0
4.64,0.15,1237.0,30,73467,From RDC,Truck,Rwanda,Adult,Tablet,Yes,26620.36
8.58,0.14,1749.0,60,12000,From RDC,Air Charter,Nigeria,Adult,Tablet,Yes,20225.07
1.95,0.03,1237.0,60,12080,From RDC,Truck,Zimbabwe,Pediatric,Tablet,Yes,12867.46
9.1,0.89,2050.0,100,8276,Direct Drop,Air,Others,HIV test,Test kit,Yes,23226.6
2.33,0.04,1237.0,60,32920,From RDC,Truck,Zambia,Adult,Tablet,Yes,16868.38
7.72,0.13,1237.0,60,4000,From RDC,Air Charter,Nigeria,Adult,Tablet,Yes,36027.0
2.26,0.04,394.0,60,6398,From RDC,Air Charter,Nigeria,Pediatric,Tablet,Yes,26340.0
1.56,0.05,2773.0,30,38584,Direct Drop,Air,Others,Pediatric,Capsule,Yes,21807.62
3.8,0.06,56.0,60,1060,From RDC,Air,Côte d'Ivoire,Adult,Tablet,Yes,1211.48
16.96,0.09,1006.0,180,3355,Direct Drop,Air,Côte d'Ivoire,Pediatric,Oral,Yes,2530.73
4.82,0.16,159.0,30,2832,From RDC,Truck,Côte d'Ivoire,Adult,Tablet,Yes,1984.83
1.93,0.01,1840.0,240,5110,From RDC,Air,Haiti,Pediatric,Oral,Yes,14866.14
2.3,0.04,1221.0,60,9312,From RDC,Truck,Tanzania,Pediatric,Tablet,Yes,4847.8
9.1,0.68,1232.0,120,4951,Direct Drop,Air,Vietnam,Adult,Tablet,Yes,8108.91
1.4,0.02,176.0,60,2070,From RDC,Air,Côte d'Ivoire,Adult,Capsule,Yes,1653.99
6.75,0.22,314.0,30,3696,Direct Drop,Air,Vietnam,Adult,Tablet,Yes,4885.33
9.81,0.16,1237.0,60,72107,From RDC,Air,Uganda,Adult,Tablet,Yes,81100.77
11.22,0.19,1237.0,60,100000,From RDC,Air Charter,Nigeria,Adult,Tablet,No,43548.0
44.5,0.74,2143.0,60,3300,From RDC,Air,Côte d'Ivoire,Adult,Tablet,Yes,10137.04
7.82,0.26,2649.0,30,38890,Direct Drop,Air,South Africa,Adult,Tablet,Yes,3908.55
32.0,0.16,236.0,20,700,Direct Drop,Air,Others,HIV test,Test kit,Yes,6862.01
3.95,0.02,193.0,240,650,From RDC,Air,Mozambique,Pediatric,Oral,Yes,478.51
8.17,0.09,3313.0,90,25000,Direct Drop,Ocean,South Africa,Pediatric,Capsule,Yes,4689.6
5.5,0.18,231.0,30,2816,From RDC,Air,Others,Adult,Tablet,Yes,1474.9
4.75,0.16,30.0,30,336,From RDC,Air Charter,Nigeria,Adult,Tablet,Yes,9736.1
15.0,0.25,1237.0,60,2296,From RDC,Air,Côte d'Ivoire,Pediatric,Tablet,Yes,17941.46
16.75,0.56,9006.0,30,25913,From RDC,Air,Mozambique,Adult,Tablet,No,9869.55
2.43,0.04,5359.0,60,9023,Direct Drop,Air,Vietnam,Adult,Tablet,Yes,18473.57
3.4,0.06,632.0,60,4000,From RDC,Truck,Zimbabwe,Adult,Tablet,Yes,3302.14
33.6,0.28,3685.0,120,14498,Direct Drop,Air,Ethiopia,Adult,Tablet,Yes,16359.2
5.5,0.18,1122.0,30,2160,From RDC,Truck,Côte d'Ivoire,Adult,Tablet,Yes,6009.47
11.4,0.19,2847.0,60,25281,From RDC,Air Charter,Nigeria,Adult,Tablet,Yes,9341.49
5.0,0.16,41.0,1,215,Direct Drop,Air,Mozambique,HIV test - Ancillary,Test kit,Yes,1001.02
7.27,0.12,1283.0,60,487,From RDC,Air,Others,Adult,Tablet,No,12862.56
2.33,0.04,4.0,60,67,From RDC,Air,Others,Adult,Tablet,Yes,491.42
3.33,0.11,4392.0,30,72300,From RDC,Truck,Côte d'Ivoire,Adult,Tablet,Yes,18607.76
13.49,0.45,1960.0,30,19356,From RDC,Air Charter,Nigeria,Adult,Tablet,Yes,7009.0
1.8,0.03,216.0,60,3600,Direct Drop,Air,Haiti,Adult,Tablet,Yes,2612.79
9.5,0.16,833.0,60,4245,Direct Drop,Air,Côte d'Ivoire,Pediatric,Tablet,Yes,1134.5
4.22,0.14,7682.0,30,72029,From RDC,Air,Others,Adult,Tablet,Yes,28541.79
2.33,0.04,3144.0,60,57984,From RDC,Truck,Zambia,Adult,Tablet,Yes,7317.47
9.1,0.98,8.0,100,33,Direct Drop,Air,Haiti,HIV test,Test kit,Yes,1011.6
1.75,0.03,4668.0,60,1080,From RDC,Air,Côte d'Ivoire,Adult,Capsule,Yes,8787.28
8.58,0.14,1237.0,60,100000,From RDC,Air Charter,Nigeria,Adult,Tablet,Yes,49199.75
2.72,0.05,583.0,60,5360,Direct Drop,Ocean,South Africa,Adult,Tablet,Yes,5824.11
3.33,0.11,336.0,30,4032,From RDC,Air,Others,Adult,Tablet,Yes,4385.44
8.04,0.13,424.0,60,4250,Direct Drop,Air,Uganda,Pediatric,Tablet,Yes,1488.99
32.0,0.16,2328.0,20,8000,Direct Drop,Air,Zambia,HIV test,Test kit,Yes,14581.51
16.0,0.18,236.0,90,2066,From RDC,Air,Zambia,Pediatric,Capsule,Yes,1448.2
3.0,0.01,4382.0,240,11628,Direct Drop,Air,South Africa,Pediatric,Oral,Yes,2154.52
2.1,0.01,1237.0,240,1951,From RDC,Air,Haiti,Pediatric,Oral,No,161712.87
3.9,0.06,2353.0,60,32017,From RDC,Air,Zambia,Adult,Tablet,Yes,3210.18
3.33,0.11,4122.0,30,43563,From RDC,Air,Mozambique,Adult,Tablet,Yes,28602.94
1.25,0.04,1486.0,30,2894,Direct Drop,Air,Haiti,Pediatric,Tablet,Yes,12749.39
32.0,0.16,88.0,20,286,Direct Drop,Air,Mozambique,HIV test,Test kit,Yes,1088.93
9.1,0.8,1948.0,100,4484,Direct Drop,Air,Others,HIV test,Test kit,Yes,21689.39
5.5,0.18,841.0,30,80,From RDC,Truck,Tanzania,Adult,Tablet,Yes,3549.9
19.92,0.66,83.0,30,68235,From RDC,Truck,Tanzania,Adult,Tablet,Yes,2094.34
15.5,0.26,842.0,60,3968,From RDC,Air,Côte d'Ivoire,Pediatric,Tablet,Yes,8815.65
8.11,0.14,2751.0,60,24765,From RDC,Truck,Côte d'Ivoire,Adult,Tablet,Yes,11438.93
32.0,0.16,149.0,20,427,Direct Drop,Air,Mozambique,HIV test,Test kit,Yes,3165.69
33.7,0.28,4113.0,120,16695,Direct Drop,Air,Côte d'Ivoire,Adult,Tablet,Yes,30130.82
6.85,0.11,103.0,60,579,Direct Drop,Air,Uganda,Adult,Tablet,Yes,1393.29
24.5,0.16,1383.0,1,2072,Direct Drop,Air,Rwanda,HIV test,Test kit,Yes,18323.97
32.0,0.16,844.0,20,2500,Direct Drop,Air,Ethiopia,HIV test,Test kit,Yes,8101.57
8.15,0.14,182.0,60,3180,From RDC,Truck,Zimbabwe,Adult,Tablet,Yes,1593.48
15.04,0.25,257.0,60,2548,From RDC,Truck,Zambia,Adult,Tablet,Yes,361.73
26.25,0.88,1237.0,30,100000,From RDC,Truck,Zambia,Adult,Tablet,Yes,11519.94
32.0,0.16,296.0,20,873,Direct Drop,Air,Rwanda,HIV test,Test kit,Yes,6318.92
1.52,0.03,1154.0,60,4725,From RDC,Air,Haiti,Adult,Capsule,Yes,12508.65
9.1,0.72,340.0,100,1500,Direct Drop,Air,Rwanda,HIV test,Test kit,Yes,9479.89
5.44,0.09,1228.0,60,7130,From RDC,Truck,Zambia,Adult,Tablet,No,1765.18
8.52,0.14,230.0,60,4374,From RDC,Air,Côte d'Ivoire,Adult,Tablet,Yes,1432.0
4.62,0.15,2631.0,30,24672,Direct Drop,Air,Others,Adult,Tablet,Yes,12463.74
22.5,0.75,22.0,30,170,Direct Drop,Air,Uganda,Adult,Tablet,Yes,1051.5
4.0,0.07,122.0,60,2085,From RDC,Air Charter,Nigeria,Pediatric,Tablet,Yes,30936.1
29.68,0.25,2078.0,120,8517,From RDC,Truck,Uganda,Adult,Tablet,Yes,15761.76
21.78,0.18,2293.0,120,8599,From RDC,Truck,Zimbabwe,Adult,Tablet,Yes,4529.67
4.45,0.15,4729.0,30,15331,From RDC,Air,Tanzania,Adult,Tablet,Yes,18390.42
4.3,0.14,5101.0,30,63421,Direct Drop,Air,Vietnam,Adult,Tablet,Yes,13241.08
9.1,0.8,1368.0,100,2870,Direct Drop,Air,Zambia,HIV test,Test kit,Yes,25037.09
9.1,0.8,1010.0,100,2500,Direct Drop,Air,Uganda,HIV test,Test kit,Yes,8399.6
15.04,0.25,3898.0,60,27452,From RDC,Truck,Zambia,Adult,Tablet,Yes,11292.05
7.27,0.12,1237.0,60,22790,From RDC,Air Charter,Nigeria,Adult,Tablet,Yes,29780.5
6.65,0.22,1237.0,30,146670,Direct Drop,Ocean,South Africa,Adult,Tablet,Yes,15213.22
6.38,0.21,8850.0,30,100000,From RDC,Air Charter,Nigeria,Adult,Tablet,Yes,29780.5
3.25,0.11,622.0,30,7245,Direct Drop,Air,Vietnam,Adult,Tablet,Yes,1226.11
35.8,0.6,3139.0,60,8905,From RDC,Air,Zambia,Adult,Tablet,Yes,13094.69
15.26,0.17,133.0,90,1093,From RDC,Air,Zambia,Pediatric,Capsule,Yes,1759.21
20.22,0.17,395.0,120,1634,From RDC,Air,Others,Adult,Tablet,No,1303.0
27.0,1.35,2278.0,20,7500,Direct Drop,Air,Nigeria,HIV test,Test kit,Yes,15893.71
1.84,0.03,568.0,60,13570,Direct Drop,Air,Vietnam,Adult,Tablet,Yes,1646.5
32.0,0.16,1674.0,20,5673,Direct Drop,Air,Mozambique,HIV test,Test kit,Yes,10780.63
20.04,0.17,53.0,120,200,From RDC,Air,Others,Adult,Tablet,Yes,1621.53
23.0,0.16,754.0,1,1044,Direct Drop,Air,Ethiopia,HIV test,Test kit,Yes,6267.38
5.94,0.1,668.0,60,5273,Direct Drop,Air,Tanzania,Pediatric,Tablet,Yes,4835.39
26.25,0.88,2363.0,30,27314,From RDC,Air Charter,Nigeria,Adult,Tablet,Yes,7329.83
12.49,0.42,1237.0,30,163929,Direct Drop,Ocean,Tanzania,Adult,Tablet,Yes,20312.64
2.26,0.04,394.0,60,23090,From RDC,Truck,Zimbabwe,Adult,Tablet,Yes,11133.66
9.1,0.16,48.0,100,20,Direct Drop,Air,Others,HIV test,Test kit,Yes,684.42
9.3,0.1,395.0,90,71,From RDC,Air,Others,Pediatric,Tablet,Yes,1303.0
10.29,0.17,1237.0,60,100000,From RDC,Air,Côte d'Ivoire,Adult,Tablet,Yes,23994.1
1.55,0.03,127.0,60,948,From RDC,Air,Nigeria,Adult,Capsule,Yes,4984.4
11.22,0.19,1237.0,60,154667,From RDC,Air Charter,Nigeria,Adult,Tablet,Yes,12601.06
2.33,0.04,579.0,60,6580,From RDC,Air,Zambia,Adult,Tablet,Yes,4658.75
9.1,0.72,327.0,100,1436,Direct Drop,Air,Others,HIV test,Test kit,Yes,6687.51
11.22,0.19,1972.0,60,15000,From RDC,Air Charter,Nigeria,Adult,Tablet,Yes,6147.18
17.0,0.57,37.0,30,591,From RDC,Air,Ethiopia,Adult,Tablet,Yes,504.0
12.01,0.4,379.0,30,5000,From RDC,Air,Tanzania,Adult,Tablet,Yes,1188.97
6.45,0.22,320.0,30,4500,Direct Drop,Air,Vietnam,Adult,Tablet,Yes,4890.38
44.5,0.74,1237.0,60,1873,From RDC,Air,Côte d'Ivoire,Adult,Tablet,No,25563.0
8.64,0.1,126.0,90,993,From RDC,Air,Rwanda,Pediatric,Capsule,Yes,1675.0
12.96,0.22,3090.0,60,2548,From RDC,Truck,Zambia,Adult,Tablet,Yes,11188.53
1.99,0.03,199.0,60,2550,Direct Drop,Ocean,Haiti,Pediatric,Tablet,Yes,5215.49
9.1,0.3,85.0,270,168,From RDC,Air,Mozambique,Adult,Capsule,Yes,1139.5
2.42,0.04,1285.0,60,22783,From RDC,Truck,Uganda,Adult,Tablet,Yes,6265.36
23.67,0.79,117.0,30,2597,Direct Drop,Air,Tanzania,Adult,Capsule,Yes,645.1
1.9,0.03,26.0,60,408,Direct Drop,Air,Haiti,Pediatric,Tablet,Yes,304.63
2.0,0.07,8.0,30,56,Direct Drop,Air,Uganda,Pediatric,Capsule,No,1021.34
9.1,0.68,334.0,120,1324,Direct Drop,Air,Others,Adult,Tablet,Yes,2171.57
15.89,0.26,749.0,60,151,Direct Drop,Air,Vietnam,Adult,Tablet,Yes,7488.39
2.9,0.05,157.0,60,1600,From RDC,Truck,Uganda,Adult,Tablet,Yes,1601.5
7.82,0.26,76.0,30,1110,Direct Drop,Air,South Africa,Adult,Tablet,Yes,916.22
9.5,0.16,40.0,60,182,Direct Drop,Air,Rwanda,Pediatric,Tablet,Yes,86.4
7.02,0.12,1072.0,60,2197,From RDC,Air,Others,Adult,Tablet,No,5636.3
9.1,0.72,1360.0,100,2807,Direct Drop,Air,Zambia,HIV test,Test kit,Yes,20067.34
9.1,0.61,54.0,270,200,Direct Drop,Air,Vietnam,Adult,Tablet,Yes,13981.96
7.72,0.13,1237.0,60,183995,From RDC,Air Charter,Nigeria,Adult,Tablet,No,51645.79
2.18,0.04,6304.0,60,100000,Direct Drop,Air,Zambia,Adult,Tablet,Yes,34182.97
13.96,0.47,467.0,30,5009,From RDC,Air,Uganda,Adult,Tablet,Yes,6637.16
30.82,0.1,492.0,300,480,Direct Drop,Air,Others,Pediatric,Oral,Yes,4281.43
15.74,0.26,10.0,60,100,Direct Drop,Air,Vietnam,Adult,Tablet,Yes,3896.68
11.35,0.19,4814.0,60,42750,From RDC,Air,Côte d'Ivoire,Adult,Tablet,Yes,7100.04
2.26,0.04,76.0,60,1731,From RDC,Truck,Uganda,Pediatric,Tablet,Yes,936.81
30.82,0.1,253.0,300,255,Direct Drop,Air,Rwanda,Pediatric,Oral,Yes,2455.7
3.33,0.11,1750.0,30,17037,From RDC,Air,Mozambique,Adult,Tablet,Yes,9758.5
9.1,0.61,55.0,336,18,Direct Drop,Air,Vietnam,Adult,Capsule,Yes,3785.84
4.75,0.16,1325.0,30,17550,From RDC,Air,Uganda,Adult,Tablet,Yes,4600.45
50.0,0.28,7341.0,180,840,From RDC,Air,Mozambique,Adult,Capsule,No,10879.28
32.0,0.16,242.0,20,750,Direct Drop,Air,Uganda,HIV test,Test kit,Yes,1899.22
4.84,0.05,675.0,100,2604,From RDC,Air,Côte d'Ivoire,Pediatric,Capsule,Yes,1702.91
1.99,0.03,1237.0,60,1980,From RDC,Air,Haiti,Adult,Tablet,No,161712.87
1.92,0.01,1348.0,240,2917,From RDC,Air,Côte d'Ivoire,Pediatric,Oral,Yes,5233.52
41.1,0.34,52.0,120,240,From RDC,Air,Haiti,Adult,Tablet,Yes,1422.32
2.91,0.05,572.0,60,11352,From RDC,Air,Tanzania,Adult,Tablet,Yes,4152.56
7.5,0.12,7185.0,60,40411,From RDC,Air,Côte d'Ivoire,Adult,Tablet,Yes,17587.0
4.62,0.15,4584.0,30,42192,Direct Drop,Air Charter,Zimbabwe,Adult,Tablet,Yes,25682.65
2.18,0.04,7183.0,60,74896,From RDC,Air,Uganda,Adult,Tablet,Yes,41735.0
7.2,0.12,1237.0,60,125000,From RDC,Air,Mozambique,Adult,Tablet,Yes,3671.92
1.86,0.01,1412.0,240,2216,From RDC,Truck,Rwanda,Pediatric,Oral,Yes,4609.68
9.1,0.72,67.0,100,507,Direct Drop,Air,Others,HIV test,Test kit,Yes,4400.85
2.12,0.01,1237.0,240,27910,Direct Drop,Ocean,South Africa,Pediatric,Oral,Yes,3961.7
3.78,0.13,64.0,30,800,From RDC,Truck,Mozambique,Adult,Tablet,Yes,166.96
