Country,Fulfill_Via,Shipment_Mode,Sub_Classification,Dosage_Form,Unit_of_Measure_(Per_Pack),Line_Item_Quantity,Pack_Price,Unit_Price,First_Line_Designation,Freight_Cost_USD_Clean,Weight_Kilograms_Clean
Zambia,From RDC,Truck,Adult,Tablet,30,47227,5.78,0.19,Yes,9973.51,4959.0
Ethiopia,From RDC,Air,Adult,Tablet,30,535,17.0,0.57,Yes,755.5,33.0
Nigeria,From RDC,Air Charter,Adult,Tablet,30,1161,5.54,0.18,Yes,16532.5,2566.0
Tanzania,From RDC,Truck,Pediatric,Tablet,60,14789,3.75,0.06,Yes,5137.06,825.0
Côte d'Ivoire,Direct Drop,Air,HIV test,Test kit,25,659,20.0,0.8,Yes,2656.12,206.0
Mozambique,From RDC,Truck,Adult,Tablet,60,81270,5.56,0.09,Yes,10605.03,8491.0
Nigeria,From RDC,Air Charter,Adult,Tablet,30,2389,19.92,0.66,Yes,18495.9,277.0
Others,From RDC,Air,Pediatric,Tablet,60,1152,4.15,0.07,Yes,1342.44,78.0
Zimbabwe,From RDC,Truck,Adult,Tablet,30,10114,8.23,0.27,No,12956.94,5154.0
South Africa,Direct Drop,Ocean,Adult,Tablet,60,25000,8.36,0.14,Yes,3073.74,2275.0
Mozambique,From RDC,Air,Pediatric,Oral,240,1177,2.02,0.01,Yes,3415.72,512.0
Côte d'Ivoire,From RDC,Truck,Adult,Tablet,60,9577,9.62,0.16,Yes,24138.35,6889.0
Rwanda,Direct Drop,Air,Adult,Tablet,60,9300,3.09,0.05,Yes,3054.13,550.0
Tanzania,Direct Drop,Air,Pediatric,Tablet,60,36000,3.6,0.06,Yes,9815.52,2205.0
Haiti,From RDC,Air,Pediatric,Oral,240,4000,2.1,0.01,Yes,16840.67,1596.0
Others,Direct Drop,Air,HIV test,Test kit,100,418,9.1,1.0,Yes,6455.37,205.0
Vietnam,Direct Drop,Air,Adult,Tablet,30,8000,3.55,0.12,No,1593.67,953.0
Uganda,Direct Drop,Air,Adult,Capsule,180,36,50.0,0.28,Yes,286.0,9.0
South Africa,Direct Drop,Ocean,Adult,Tablet,60,19177,2.37,0.04,No,1220.84,6196.0
Others,Direct Drop,Air,HIV test,Test kit,20,35,32.0,0.16,Yes,2796.58,191.0
South Africa,Direct Drop,Air,Pediatric,Oral,240,9630,3.15,0.01,Yes,4876.34,3732.0
Côte d'Ivoire,Direct Drop,Air,HIV test,Test kit,40,603,9.1,0.16,Yes,9698.22,679.0
Côte d'Ivoire,From RDC,Air,Pediatric,Oral,240,2867,2.1,0.01,Yes,18607.76,5752.0
Côte d'Ivoire,Direct Drop,Air,HIV test,Test kit,20,2400,31.0,0.16,Yes,9253.44,678.0
Haiti,From RDC,Air Charter,Pediatric,Oral,180,230,16.96,0.09,Yes,8329.13,132.0
Zimbabwe,From RDC,Truck,Pediatric,Capsule,90,811,9.71,0.11,Yes,1224.02,103.0
Rwanda,Direct Drop,Air,Adult,Tablet,30,20370,3.57,0.12,Yes,13244.8,1751.0
Zambia,From RDC,Truck,Adult,Tablet,30,107175,7.11,0.24,Yes,7317.47,8709.0
Nigeria,Direct Drop,Air,HIV test,Test kit,100,2352,9.1,0.89,Yes,21683.23,1058.0
Zambia,Direct Drop,Air,HIV test,Test kit,20,3000,32.0,0.16,Yes,7616.19,880.0
Zambia,From RDC,Air,Pediatric,Oral,240,3200,2.1,0.01,Yes,8185.2,1120.0
Ethiopia,From RDC,Air,Adult,Tablet,60,31000,8.76,0.15,Yes,10073.76,1787.0
Côte d'Ivoire,From RDC,Truck,Pediatric,Oral,240,2907,2.1,0.01,Yes,5520.83,1122.0
South Africa,Direct Drop,Ocean,Adult,Tablet,60,66793,7.3,0.12,Yes,3787.72,3458.0
Vietnam,Direct Drop,Air,Adult,Tablet,60,400,8.38,0.14,Yes,2149.05,23.0
Mozambique,Direct Drop,Air,HIV test,Test kit,100,7587,9.1,0.78,Yes,26532.85,1306.0
Haiti,Direct Drop,Air,HIV test,Test kit,1,350,24.5,0.16,Yes,3126.61,240.0
Mozambique,From RDC,Air,Adult,Tablet,60,138325,7.2,0.12,No,9161.95,1237.0
Uganda,Direct Drop,Air,Adult,Tablet,120,60,36.16,0.3,Yes,814.04,36.0
Others,Direct Drop,Air,HIV test,Test kit,20,1500,32.0,0.16,Yes,8576.8,515.0
Ethiopia,Direct Drop,Air,HIV test,Test kit,20,44,29.0,0.16,Yes,218.75,15.0
Others,Direct Drop,Air,HIV test,Test kit,25,70,20.0,0.8,Yes,648.95,25.0
Uganda,Direct Drop,Air,Adult,Tablet,120,98,9.1,0.86,Yes,968.25,18.0
Zambia,Direct Drop,Air,HIV test,Test kit,20,9500,32.0,0.16,Yes,20621.1,2783.0
Zambia,From RDC,Truck,Adult,Tablet,60,132000,6.6,0.11,Yes,22520.71,1237.0
Vietnam,Direct Drop,Air,Adult,Tablet,60,1247,2.54,0.04,Yes,4035.45,71.0
Zambia,From RDC,Truck,Adult,Tablet,30,18447,4.62,0.15,Yes,2201.74,1906.0
Vietnam,Direct Drop,Air,Adult,Tablet,30,300,23.26,0.78,Yes,1779.09,38.0
South Africa,Direct Drop,Air,Adult,Tablet,60,303125,2.57,0.04,Yes,20134.62,1237.0
Côte d'Ivoire,From RDC,Air,Adult,Tablet,60,995,9.1,1.17,Yes,1392.0,219.0
Rwanda,From RDC,Air,Pediatric,Oral,240,1489,12.5,0.05,Yes,5044.26,557.0
Côte d'Ivoire,From RDC,Truck,Pediatric,Oral,240,156,2.1,0.01,Yes,396.32,100.0
Uganda,From RDC,Air,Adult,Tablet,60,2131,2.16,0.04,Yes,2005.48,117.0
Haiti,Direct Drop,Air,HIV test,Test kit,1,260,23.0,0.16,Yes,2708.04,197.0
Zambia,From RDC,Truck,Adult,Tablet,60,67271,7.0,0.12,Yes,10651.44,6041.0
Zambia,From RDC,Truck,Adult,Tablet,60,18867,2.44,0.04,Yes,7317.47,1237.0
Vietnam,Direct Drop,Air,Adult,Tablet,60,19760,4.8,0.08,Yes,12974.12,3998.0
Others,Direct Drop,Air,HIV test,Test kit,100,300,9.1,0.72,Yes,1398.6,69.0
Zimbabwe,From RDC,Truck,Adult,Tablet,60,7150,2.95,0.05,No,5530.11,7095.0
Nigeria,From RDC,Air Charter,Adult,Tablet,60,141764,11.22,0.19,Yes,43548.0,1237.0
Haiti,Direct Drop,Air,Adult,Tablet,30,56352,3.5,0.12,Yes,30046.84,4792.0
Mozambique,From RDC,Truck,Adult,Tablet,60,39600,8.26,0.14,Yes,15814.01,1237.0
Rwanda,Direct Drop,Air,HIV test,Test kit,20,3400,32.0,0.16,Yes,22370.64,1131.0
Tanzania,From RDC,Air,Adult,Tablet,30,18451,12.42,0.41,Yes,6195.24,1636.0
Others,Direct Drop,Air,HIV test - Ancillary,Test kit,100,153,5.0,0.05,No,5346.38,186.0
Côte d'Ivoire,From RDC,Truck,Pediatric,Oral,240,2000,1.95,0.01,Yes,4747.87,736.0
Zimbabwe,Direct Drop,Air,Pediatric,Oral,300,5362,30.82,0.1,Yes,44952.61,5060.0
Others,From RDC,Air,Adult,Tablet,30,4917,6.38,0.21,Yes,12862.56,1283.0
Haiti,From RDC,Air,Adult,Tablet,60,26400,2.66,0.04,Yes,25493.03,1456.0
Zimbabwe,Direct Drop,Air,Pediatric,Tablet,60,5625,7.71,0.13,Yes,7549.41,665.0
Côte d'Ivoire,Direct Drop,Air,HIV test,Test kit,25,1400,20.5,0.82,Yes,5924.89,437.0
Tanzania,Direct Drop,Air,Adult,Tablet,30,25741,3.3,0.11,Yes,9452.02,2210.0
Côte d'Ivoire,Direct Drop,Air,HIV test,Test kit,40,1000,9.1,0.16,Yes,8074.03,1101.0
Nigeria,From RDC,Air Charter,Adult,Tablet,30,50040,10.0,0.33,Yes,11637.64,4161.0
Tanzania,Direct Drop,Air,HIV test,Test kit,100,1250,9.1,0.8,Yes,14398.69,600.0
Côte d'Ivoire,Direct Drop,Air,Adult,Tablet,120,7600,36.16,0.3,No,28238.31,4794.0
Haiti,From RDC,Air,Pediatric,Capsule,90,735,12.12,0.13,No,11091.78,1857.0
South Africa,Direct Drop,Ocean,Adult,Tablet,60,172428,2.87,0.05,Yes,17278.96,1237.0
Nigeria,Direct Drop,Air,HIV test,Test kit,100,3055,9.1,0.89,Yes,13325.59,1241.0
Nigeria,From RDC,Air Charter,Adult,Tablet,30,290000,9.6,0.32,Yes,69097.98,1237.0
Rwanda,Direct Drop,Air,Adult,Tablet,60,7840,9.1,0.15,Yes,853.88,719.0
Côte d'Ivoire,From RDC,Air,Adult,Tablet,30,666,11.75,0.39,Yes,1713.01,54.0
Others,Direct Drop,Air,HIV test,Test kit,30,428,27.6,0.92,Yes,732.47,47.0
Côte d'Ivoire,Direct Drop,Air,HIV test,Test kit,25,2400,20.5,0.82,Yes,9254.06,831.0
Ethiopia,From RDC,Air,Adult,Tablet,60,20000,2.33,0.04,Yes,6154.8,955.0
Zambia,From RDC,Air,Pediatric,Oral,240,10624,6.2,0.03,Yes,13116.0,3785.0
Zambia,From RDC,Truck,Pediatric,Tablet,60,60000,3.95,0.07,Yes,3613.05,2484.0
Others,Direct Drop,Air,HIV test,Test kit,20,500,32.0,0.16,Yes,2865.63,170.0
Nigeria,From RDC,Air Charter,Adult,Tablet,60,160786,2.58,0.04,No,43548.0,1237.0
Others,Direct Drop,Air,HIV test,Test kit,100,7888,9.1,0.8,Yes,12965.93,1357.0
Haiti,From RDC,Air,Adult,Tablet,30,39936,3.33,0.11,Yes,161712.87,1237.0
Zambia,Direct Drop,Air,HIV test,Test kit,20,5920,32.0,0.16,Yes,25136.39,1896.0
Côte d'Ivoire,From RDC,Air,Adult,Tablet,60,2230,10.25,0.17,Yes,2804.0,909.0
Nigeria,From RDC,Air,Adult,Tablet,30,15000,26.25,0.88,Yes,7463.74,1309.0
Others,Direct Drop,Air,HIV test,Test kit,100,77,9.1,0.89,Yes,1712.6,36.0
Zimbabwe,From RDC,Truck,Adult,Tablet,30,138974,4.7,0.16,Yes,14451.68,1237.0
Vietnam,Direct Drop,Air,Adult,Tablet,60,10420,7.4,0.12,Yes,7526.06,1000.0
Uganda,From RDC,Truck,Adult,Tablet,30,66160,3.91,0.13,Yes,2175.07,5641.0
Uganda,Direct Drop,Air,HIV test,Test kit,50,30,9.1,0.16,Yes,660.77,17.0
Zambia,From RDC,Truck,Adult,Tablet,30,100619,12.3,0.41,Yes,30981.39,1237.0
Haiti,Direct Drop,Air,HIV test,Test kit,1,600,24.5,0.16,Yes,4209.61,434.0
Others,Direct Drop,Air,Malaria,Tablet,1000,580,33.1,0.03,Yes,3958.28,500.0
Nigeria,From RDC,Air Charter,Adult,Tablet,60,99999,2.44,0.04,Yes,21347.12,1237.0
Zimbabwe,From RDC,Truck,Adult,Tablet,60,11574,10.29,0.17,No,5530.11,7095.0
Tanzania,Direct Drop,Air,Adult,Tablet,30,64980,3.3,0.11,Yes,18826.62,5578.0
South Africa,Direct Drop,Ocean,Pediatric,Oral,240,3971,2.12,0.01,Yes,3524.95,1472.0
Mozambique,From RDC,Truck,Adult,Tablet,60,3167,2.42,0.04,Yes,3855.94,775.0
South Africa,Direct Drop,Ocean,Pediatric,Oral,240,20000,9.28,0.04,Yes,17022.13,7664.0
Côte d'Ivoire,From RDC,Air,Adult,Tablet,60,9024,6.66,0.11,Yes,12369.8,976.0
Uganda,Direct Drop,Air,Adult,Tablet,120,27,9.1,0.73,Yes,41.0,5.0
Nigeria,Direct Drop,Air,HIV test,Test kit,100,9363,9.1,0.89,Yes,58592.54,3800.0
Nigeria,Direct Drop,Air,HIV test,Test kit,100,3023,9.1,0.89,Yes,19891.2,1221.0
South Africa,Direct Drop,Ocean,Adult,Tablet,30,3619,6.91,0.23,Yes,6147.09,338.0
Côte d'Ivoire,Direct Drop,Air,HIV test,Test kit,20,2483,27.0,1.35,Yes,6150.75,706.0
Uganda,Direct Drop,Air,Pediatric,Capsule,30,252,2.0,0.07,Yes,1026.15,9.0
South Africa,Direct Drop,Air,Adult,Tablet,30,51920,7.82,0.26,Yes,3646.13,3549.0
Côte d'Ivoire,From RDC,Air,Adult,Capsule,60,5670,1.41,0.02,Yes,12648.36,317.0
South Africa,Direct Drop,Air,Adult,Tablet,60,85111,2.9,0.05,Yes,9205.05,5437.0
Zambia,From RDC,Air,Adult,Tablet,60,14052,7.4,0.12,Yes,5780.2,1420.0
Others,Direct Drop,Air,HIV test,Test kit,20,1371,32.0,0.16,Yes,5733.61,468.0
Rwanda,Direct Drop,Air,HIV test,Test kit,1,2988,24.5,0.16,Yes,26266.34,1992.0
Nigeria,From RDC,Air Charter,Adult,Tablet,30,53000,7.11,0.24,Yes,21347.13,5252.0
Others,From RDC,Air Charter,Adult,Tablet,30,20000,13.27,0.44,Yes,67732.55,3943.0
Others,Direct Drop,Air,HIV test,Test kit,20,2334,32.0,0.16,Yes,6558.08,807.0
Nigeria,From RDC,Air Charter,Adult,Tablet,60,54125,11.22,0.19,Yes,6147.18,7050.0
Others,Direct Drop,Air,HIV test,Test kit,100,378,9.1,0.89,Yes,4529.86,180.0
Uganda,From RDC,Air,Adult,Tablet,60,1450,13.5,0.22,Yes,1472.77,167.0
Côte d'Ivoire,Direct Drop,Air,Adult,Tablet,30,2100,20.0,0.67,Yes,3169.34,293.0
Nigeria,Direct Drop,Air,HIV test,Test kit,100,3073,9.1,0.89,Yes,20602.3,1248.0
Ethiopia,From RDC,Air,Pediatric,Oral,240,3286,2.15,0.01,Yes,8586.0,1215.0
Vietnam,Direct Drop,Air,Adult,Tablet,60,24480,6.9,0.12,Yes,4443.97,2165.0
Vietnam,Direct Drop,Air,Adult,Tablet,60,100,8.94,0.15,Yes,2794.34,6.0
Nigeria,From RDC,Air Charter,Adult,Tablet,60,1700,11.22,0.19,Yes,6147.18,224.0
Others,From RDC,Air,Adult,Tablet,60,32168,8.26,0.14,Yes,585.0,5199.0
Côte d'Ivoire,From RDC,Truck,Pediatric,Tablet,60,15120,2.76,0.05,Yes,4424.91,959.0
Uganda,From RDC,Air,Adult,Tablet,60,3519,2.44,0.04,Yes,6298.34,2538.0
Rwanda,From RDC,Truck,Pediatric,Oral,240,5233,1.45,0.01,Yes,6638.3,1855.0
Haiti,Direct Drop,Air,Pediatric,Capsule,30,1764,2.24,0.07,Yes,1615.07,106.0
Others,From RDC,Air,Adult,Tablet,30,24320,12.01,0.4,Yes,4528.5,2094.0
Tanzania,Direct Drop,Air,HIV test,Test kit,20,4250,32.0,0.16,Yes,13215.15,1386.0
South Africa,Direct Drop,Air,Adult,Tablet,30,54247,7.82,0.26,Yes,3646.13,3728.0
Vietnam,Direct Drop,Air,Pediatric,Oral,240,464,1.85,0.01,Yes,1222.31,437.0
Rwanda,From RDC,Air,Adult,Tablet,30,4000,17.0,0.57,Yes,12205.4,256.0
Uganda,Direct Drop,Air,Adult,Tablet,30,111348,3.19,0.11,Yes,30711.92,6953.0
South Africa,Direct Drop,Ocean,Adult,Tablet,30,48000,6.47,0.22,Yes,7180.16,3247.0
Zimbabwe,From RDC,Truck,HIV test,Test kit,25,307,20.0,0.8,Yes,5663.0,1368.0
Uganda,From RDC,Air,Adult,Tablet,60,2844,2.9,0.05,Yes,11206.84,1587.0
Uganda,Direct Drop,Air,Adult,Tablet,120,173,9.1,0.55,Yes,251.52,35.0
Côte d'Ivoire,Direct Drop,Air,Pediatric,Tablet,60,1515,7.0,0.12,Yes,2864.63,338.0
Haiti,From RDC,Air,Pediatric,Capsule,30,1428,2.24,0.07,Yes,7789.85,83.0
Uganda,Direct Drop,Air,Pediatric,Oral,300,150,30.82,0.1,Yes,2265.89,170.0
Others,From RDC,Air,Adult,Tablet,30,5568,3.33,0.11,Yes,3325.77,342.0
Mozambique,Direct Drop,Air,HIV test,Test kit,100,1832,9.1,0.8,Yes,8680.27,829.0
Rwanda,Direct Drop,Air,Adult,Tablet,30,4560,13.67,0.46,Yes,5610.17,561.0
Haiti,Direct Drop,Air,Pediatric,Tablet,60,300,9.04,0.15,Yes,1075.54,44.0
Others,Direct Drop,Air,HIV test - Ancillary,Test kit,100,2,8.0,0.08,Yes,885.49,2.0
Uganda,From RDC,Air,Adult,Tablet,60,31000,11.35,0.19,Yes,42656.07,3941.0
Tanzania,From RDC,Truck,Adult,Tablet,30,1773,4.04,0.13,Yes,2035.84,116.0
Vietnam,Direct Drop,Air,Adult,Tablet,60,2016,9.25,0.15,Yes,5551.97,185.0
Vietnam,Direct Drop,Air,Pediatric,Tablet,60,240,7.0,0.12,Yes,1516.05,52.0
Zambia,From RDC,Air,Pediatric,Oral,240,350,21.5,0.09,Yes,874.57,124.0
Côte d'Ivoire,From RDC,Air,Pediatric,Oral,240,3119,0.0,0.0,Yes,2951.94,1088.0
Côte d'Ivoire,From RDC,Air,Pediatric,Capsule,90,1680,15.26,0.17,Yes,9936.96,3337.0
Others,Direct Drop,Air,Adult,Tablet,30,60000,3.19,0.11,Yes,25512.84,3862.0
Rwanda,Direct Drop,Air,Pediatric,Oral,240,9690,1.51,0.01,Yes,66260.33,3790.0
Zambia,From RDC,Air,Adult,Tablet,60,60440,3.4,0.06,Yes,15671.53,5725.0
Rwanda,Direct Drop,Air,Adult,Tablet,30,672,3.75,0.12,Yes,1276.53,55.0
Others,From RDC,Air Charter,Adult,Tablet,60,19683,2.26,0.04,Yes,20893.21,1733.0
Uganda,Direct Drop,Air,Adult,Tablet,120,98,9.1,1.05,Yes,586.16,18.0
Uganda,From RDC,Air,Adult,Tablet,60,3374,7.2,0.12,Yes,2331.03,250.0
Zambia,Direct Drop,Air,HIV test,Test kit,100,2898,9.1,0.72,Yes,21714.68,1409.0
Tanzania,Direct Drop,Air,Adult,Tablet,60,11500,5.43,0.09,Yes,4168.19,632.0
Mozambique,Direct Drop,Air,HIV test,Test kit,100,1133,9.1,0.8,Yes,10925.46,539.0
Others,From RDC,Air,Adult,Tablet,120,1031,19.71,0.16,Yes,4353.04,298.0
Uganda,From RDC,Air,Adult,Tablet,30,20000,3.91,0.13,Yes,18520.22,2501.0
Ethiopia,Direct Drop,Air,HIV test,Test kit,1,990,23.0,0.16,Yes,6161.42,718.0
Others,From RDC,Air,Pediatric,Oral,240,284,1.85,0.01,Yes,1783.38,103.0
Vietnam,Direct Drop,Air,Adult,Tablet,60,15960,2.4,0.04,Yes,6609.02,755.0
Uganda,From RDC,Air,Adult,Tablet,60,1350,9.45,0.16,Yes,1277.22,239.0
Others,Direct Drop,Air,HIV test,Test kit,100,431,9.1,0.8,Yes,5346.38,186.0
Uganda,Direct Drop,Air,Pediatric,Capsule,60,240,26.09,0.43,Yes,915.09,25.0
Mozambique,From RDC,Truck,Adult,Tablet,60,38976,8.58,0.14,Yes,5846.08,7482.0
Vietnam,Direct Drop,Air,Pediatric,Tablet,60,1700,10.5,0.18,Yes,14982.1,356.0
Nigeria,Direct Drop,Air,HIV test,Test kit,100,2744,9.1,0.89,Yes,24927.19,1186.0
Nigeria,Direct Drop,Air,HIV test,Test kit,100,2128,9.1,0.89,Yes,23826.25,1022.0
Côte d'Ivoire,From RDC,Truck,Pediatric,Tablet,90,7800,7.3,0.08,Yes,3033.26,462.0
South Africa,Direct Drop,Ocean,Adult,Tablet,30,63967,4.53,0.15,Yes,15331.49,5491.0
Mozambique,Direct Drop,Air,HIV test,Test kit,100,2939,9.1,0.8,Yes,13801.89,1330.0
Others,From RDC,Air,Adult,Tablet,60,45084,2.51,0.04,No,585.0,5199.0
Zambia,Direct Drop,Air,HIV test,Test kit,20,6040,32.0,0.16,Yes,24689.0,2052.0
Côte d'Ivoire,From RDC,Air,Adult,Tablet,60,4400,2.44,0.04,Yes,5678.7,640.0
Rwanda,Direct Drop,Air,Adult,Tablet,60,21080,9.0,0.15,Yes,17074.8,1716.0
Others,Direct Drop,Air,HIV test,Test kit,100,8500,9.1,0.8,Yes,14419.86,1462.0
Côte d'Ivoire,Direct Drop,Air,Pediatric,Oral,300,340,30.82,0.1,Yes,3899.33,336.0
Nigeria,Direct Drop,Air,HIV test,Test kit,100,3199,9.1,0.8,Yes,8213.59,550.0
Others,From RDC,Air,Adult,Tablet,30,1920,4.7,0.16,Yes,1527.29,160.0
Côte d'Ivoire,From RDC,Air,Adult,Tablet,60,6050,2.9,0.05,Yes,5028.04,442.0
Nigeria,From RDC,Air,Pediatric,Tablet,60,2027,4.3,0.07,Yes,1941.82,218.0
Nigeria,Direct Drop,Air,HIV test,Test kit,20,3750,32.0,0.16,Yes,16036.98,1072.0
Vietnam,Direct Drop,Air,Adult,Tablet,60,5200,4.8,0.08,No,18473.57,5359.0
Zimbabwe,Direct Drop,Air,Pediatric,Tablet,60,48127,1.99,0.03,Yes,18232.17,2383.0
Zimbabwe,From RDC,Truck,Pediatric,Tablet,60,23000,3.95,0.07,Yes,1521.08,952.0
Uganda,From RDC,Air,Pediatric,Oral,240,6036,2.1,0.01,Yes,15923.41,2253.0
Mozambique,From RDC,Truck,Adult,Tablet,60,3386,11.23,0.19,Yes,4768.06,1237.0
Zimbabwe,From RDC,Truck,Pediatric,Tablet,60,19996,3.95,0.07,Yes,1417.12,1119.0
Zambia,From RDC,Truck,Pediatric,Tablet,60,10000,7.72,0.13,Yes,3379.64,2085.0
Haiti,Direct Drop,Air,Pediatric,Tablet,30,2303,1.25,0.04,Yes,2251.42,143.0
Zambia,From RDC,Truck,Adult,Tablet,60,50000,3.4,0.06,Yes,2938.92,2764.0
South Africa,Direct Drop,Air,Pediatric,Oral,240,8474,3.0,0.01,Yes,2154.51,3206.0
Côte d'Ivoire,From RDC,Air,Pediatric,Oral,240,965,1.92,0.01,Yes,1729.0,344.0
Tanzania,From RDC,Truck,Adult,Tablet,60,96018,2.33,0.04,Yes,3825.8,4271.0
Others,From RDC,Air,HIV test,Test kit,20,4926,32.0,0.16,Yes,11898.8,2695.0
Vietnam,Direct Drop,Air,Adult,Tablet,120,560,9.1,0.68,Yes,436.86,83.0
Zambia,Direct Drop,Air,HIV test,Test kit,100,6000,9.1,0.8,Yes,30885.26,2439.0
Zimbabwe,Direct Drop,Air Charter,Adult,Tablet,30,18000,4.65,0.16,Yes,13959.22,1764.0
Côte d'Ivoire,From RDC,Air,Adult,Tablet,60,336,7.78,0.13,Yes,1845.31,27.0
Côte d'Ivoire,From RDC,Air,Adult,Capsule,336,360,38.36,0.11,Yes,3660.4,630.0
South Africa,Direct Drop,Air,Pediatric,Oral,240,11640,3.0,0.01,Yes,12917.3,4386.0
Others,Direct Drop,Air,HIV test,Test kit,30,1249,27.6,0.92,Yes,1682.15,145.0
Nigeria,From RDC,Air Charter,Adult,Tablet,30,7500,4.75,0.16,Yes,9736.1,662.0
Others,From RDC,Air,Adult,Tablet,60,45000,11.22,0.19,Yes,20144.99,5961.0
Uganda,From RDC,Truck,Adult,Tablet,60,117367,11.22,0.19,Yes,104604.06,1237.0
Haiti,From RDC,Air,Adult,Tablet,60,17843,3.4,0.06,Yes,19069.17,1667.0
South Africa,Direct Drop,Ocean,Adult,Tablet,60,515000,2.43,0.04,Yes,31656.61,1237.0
Ethiopia,Direct Drop,Air,HIV test,Test kit,1,6998,23.0,0.16,Yes,46117.09,4913.0
Zambia,Direct Drop,Air,Pediatric,Oral,300,1500,30.82,0.1,Yes,10365.13,1374.0
Tanzania,Direct Drop,Air,Adult,Tablet,60,36426,8.13,0.14,Yes,17581.92,4609.0
Uganda,From RDC,Truck,Adult,Tablet,60,15117,8.26,0.14,Yes,10734.13,8057.0
Zimbabwe,From RDC,Truck,Adult,Tablet,30,4000,10.62,0.35,Yes,14958.2,9020.0
Nigeria,From RDC,Air Charter,Adult,Tablet,30,91166,4.12,0.14,Yes,25231.96,6073.0
Haiti,From RDC,Air,Pediatric,Oral,240,4704,1.92,0.01,No,11091.78,1857.0
Zimbabwe,From RDC,Air,Adult,Tablet,30,1860,12.42,0.41,Yes,13356.65,2425.0
Uganda,From RDC,Truck,Adult,Tablet,30,1150,4.12,0.14,Yes,1494.6,70.0
Nigeria,From RDC,Air Charter,Adult,Tablet,60,320300,7.72,0.13,Yes,194623.44,1237.0
Nigeria,From RDC,Air Charter,Adult,Tablet,60,10076,7.53,0.13,Yes,9736.1,553.0
Uganda,From RDC,Air,Adult,Tablet,30,60000,5.54,0.18,Yes,30482.8,4547.0
Vietnam,Direct Drop,Air,Adult,Tablet,30,15500,11.15,0.37,Yes,3977.24,1745.0
South Africa,Direct Drop,Ocean,Pediatric,Oral,240,8500,2.12,0.01,Yes,3530.94,3061.0
Haiti,From RDC,Air,HIV test,Test kit,100,75,9.1,1.39,Yes,791.84,50.0
Côte d'Ivoire,From RDC,Air,Pediatric,Oral,240,475,1.92,0.01,Yes,1301.0,170.0
Côte d'Ivoire,From RDC,Air,Adult,Capsule,180,4402,50.0,0.28,Yes,3501.0,994.0
Haiti,Direct Drop,Air,HIV test,Test kit,100,5698,9.1,1.0,Yes,22194.09,2314.0
Tanzania,Direct Drop,Air,Pediatric,Capsule,60,1065,26.09,0.43,Yes,1122.07,112.0
Mozambique,From RDC,Air,Adult,Tablet,60,13100,11.8,0.2,Yes,3671.92,6036.0
Rwanda,From RDC,Truck,Adult,Tablet,60,288,3.2,0.05,Yes,896.26,28.0
South Africa,Direct Drop,Ocean,Adult,Tablet,30,96224,4.3,0.14,Yes,9582.53,7556.0
Uganda,From RDC,Truck,Adult,Tablet,60,534,2.58,0.04,Yes,2030.0,30.0
Zimbabwe,From RDC,Truck,Pediatric,Tablet,60,290000,3.75,0.06,Yes,18090.64,1237.0
Haiti,Direct Drop,Ocean,Adult,Tablet,60,960,1.72,0.03,Yes,12336.45,8385.0
Rwanda,Direct Drop,Air,Pediatric,Oral,240,4192,8.5,0.04,Yes,6072.8,1514.0
South Africa,Direct Drop,Air,Adult,Tablet,30,83238,7.82,0.26,Yes,5298.02,5663.0
South Africa,Direct Drop,Ocean,Adult,Tablet,30,58423,7.03,0.23,Yes,6639.33,4007.0
Zambia,From RDC,Truck,Adult,Tablet,30,108856,3.12,0.1,Yes,43219.06,6431.0
Others,From RDC,Truck,Adult,Tablet,60,40000,8.11,0.14,Yes,15571.48,1237.0
Uganda,From RDC,Air,Adult,Tablet,30,1300,12.01,0.4,No,1277.22,239.0
Uganda,From RDC,Air,Adult,Tablet,60,685,8.76,0.15,Yes,1122.87,67.0
Zambia,Direct Drop,Air,HIV test,Test kit,20,5500,32.0,0.16,Yes,17975.84,1907.0
Zimbabwe,Direct Drop,Air,Pediatric,Oral,300,2625,30.82,0.1,Yes,20559.39,2583.0
Nigeria,From RDC,Air Charter,Adult,Tablet,60,28868,11.22,0.19,Yes,6147.18,3570.0
Uganda,From RDC,Truck,Adult,Tablet,30,2361,10.25,0.34,Yes,4438.0,1255.0
Others,Direct Drop,Air,HIV test - Ancillary,Test kit,3,10,25.0,0.16,Yes,402.42,6.0
Uganda,From RDC,Air,Adult,Tablet,60,240,7.0,0.12,Yes,1173.1,23.0
Mozambique,From RDC,Truck,Pediatric,Oral,240,26807,1.95,0.01,Yes,14700.0,1237.0
Others,Direct Drop,Air,HIV test,Test kit,20,5,32.0,0.16,Yes,12561.4,2.0
Côte d'Ivoire,From RDC,Truck,Adult,Tablet,30,46600,10.52,0.35,Yes,23753.64,6107.0
Uganda,From RDC,Truck,Adult,Tablet,60,4879,9.81,0.16,Yes,5081.05,637.0
Nigeria,From RDC,Air Charter,Adult,Tablet,30,59615,12.96,0.43,Yes,14547.55,7722.0
Côte d'Ivoire,From RDC,Air,Adult,Tablet,60,957,35.8,0.6,Yes,1448.0,95.0
Others,From RDC,Air,Adult,Tablet,60,270,2.22,0.04,Yes,4934.43,513.0
Haiti,Direct Drop,Air,Pediatric,Tablet,60,612,5.94,0.1,Yes,1259.05,76.0
Zambia,From RDC,Air,Pediatric,Capsule,30,1030,3.47,0.12,Yes,574.56,48.0
Haiti,From RDC,Air,Adult,Tablet,60,7558,9.45,0.16,Yes,20578.2,2166.0
Haiti,Direct Drop,Air,Pediatric,Tablet,60,90,10.28,0.17,Yes,693.54,17.0
Uganda,From RDC,Truck,Adult,Tablet,60,3262,2.51,0.04,Yes,1095.22,190.0
Tanzania,Direct Drop,Air,HIV test,Test kit,100,3039,0.0,0.0,Yes,21351.18,1257.0
Ethiopia,Direct Drop,Air,HIV test,Test kit,20,167,32.0,0.16,Yes,911.32,60.0
Zimbabwe,From RDC,Truck,Adult,Tablet,60,20000,2.44,0.04,No,5530.11,7095.0
Uganda,From RDC,Truck,Adult,Tablet,60,1530,6.54,0.11,Yes,23809.39,1237.0
Uganda,From RDC,Truck,Adult,Tablet,60,34138,8.26,0.14,Yes,4947.38,4009.0
Vietnam,Direct Drop,Air,Pediatric,Oral,240,500,1.9,0.01,No,13762.41,960.0
Others,Direct Drop,Air,HIV test,Test kit,100,200,9.1,0.72,Yes,1028.18,46.0
Others,Direct Drop,Air,Pediatric,Tablet,30,1014,1.25,0.04,No,2782.94,81.0
Zambia,From RDC,Truck,Adult,Tablet,30,155202,3.81,0.13,Yes,7317.48,1237.0
Uganda,From RDC,Air,Adult,Tablet,60,1300,2.9,0.05,Yes,2697.65,125.0
Nigeria,From RDC,Air,Adult,Tablet,120,9980,20.5,0.17,Yes,13873.0,2846.0
Vietnam,Direct Drop,Air,Pediatric,Oral,240,1000,2.44,0.01,No,18772.94,2575.0
Others,Direct Drop,Air,HIV test - Ancillary,Test kit,100,2,8.0,0.08,Yes,980.7,2.0
Tanzania,Direct Drop,Air,HIV test,Test kit,100,2024,9.1,0.7,Yes,6923.2,461.0
Nigeria,Direct Drop,Air,HIV test,Test kit,100,2044,9.1,0.89,Yes,26014.88,976.0
Rwanda,Direct Drop,Air,HIV test,Test kit,100,4327,9.1,0.7,Yes,26574.61,986.0
Others,From RDC,Air,Adult,Tablet,60,15000,8.26,0.14,Yes,6477.67,1440.0
Others,From RDC,Air,Pediatric,Oral,240,2463,1.95,0.01,No,5636.3,1072.0
Tanzania,Direct Drop,Air,Adult,Tablet,120,7145,36.16,0.3,Yes,9915.56,1604.0
Vietnam,Direct Drop,Air,Pediatric,Tablet,60,10508,4.15,0.07,Yes,2148.1,678.0
Ethiopia,From RDC,Air,Adult,Tablet,60,12873,2.9,0.05,Yes,6027.68,1258.0
Zambia,From RDC,Truck,Adult,Tablet,60,50000,7.2,0.12,Yes,5014.65,3679.0
Côte d'Ivoire,From RDC,Air,Adult,Tablet,60,45000,7.72,0.13,Yes,11592.26,4050.0
Nigeria,From RDC,Air,Adult,Tablet,30,143,26.25,0.88,Yes,6443.61,14.0
Uganda,From RDC,Air,Adult,Tablet,30,2579,4.75,0.16,Yes,2485.92,358.0
Ethiopia,From RDC,Air,Adult,Tablet,60,16019,8.76,0.15,Yes,5187.5,1454.0
Others,Direct Drop,Air,HIV test,Test kit,100,1,9.1,0.89,Yes,13753.58,1233.0
Mozambique,From RDC,Truck,Adult,Tablet,60,1604,7.12,0.12,Yes,1799.88,120.0
Haiti,Direct Drop,Air,Pediatric,Capsule,100,120,4.5,0.04,Yes,820.56,9.0
Zambia,From RDC,Air,Adult,Tablet,60,32358,3.4,0.06,Yes,13332.0,3146.0
Mozambique,Direct Drop,Air,HIV test,Test kit,100,212,9.1,0.8,Yes,1910.93,97.0
Tanzania,Direct Drop,Air,Adult,Tablet,30,9000,19.9,0.66,Yes,5834.1,1081.0
Rwanda,Direct Drop,Air,HIV test,Test kit,1,5994,24.5,0.16,Yes,53062.21,3996.0
Nigeria,From RDC,Air Charter,Adult,Tablet,60,17376,2.51,0.04,Yes,13398.06,1237.0
Zambia,From RDC,Air,Pediatric,Oral,200,2950,1.45,0.01,Yes,3094.0,267.0
South Africa,Direct Drop,Ocean,Adult,Tablet,30,32083,4.51,0.15,Yes,630.5,2808.0
Ethiopia,Direct Drop,Air,HIV test,Test kit,20,26,32.0,0.16,Yes,334.65,17.0
Côte d'Ivoire,From RDC,Air,Pediatric,Capsule,30,3444,2.24,0.07,Yes,1211.48,200.0
Others,Direct Drop,Air,HIV test,Test kit,100,1472,9.1,0.8,Yes,16189.94,638.0
Côte d'Ivoire,From RDC,Air,Pediatric,Capsule,90,769,10.07,0.11,Yes,4519.96,93.0
Mozambique,Direct Drop,Air,HIV test,Test kit,100,81,9.1,0.72,Yes,467.26,16.0
Côte d'Ivoire,From RDC,Truck,Adult,Tablet,30,2756,13.52,0.45,Yes,1933.72,248.0
Rwanda,Direct Drop,Air,Adult,Tablet,30,3007,3.57,0.12,Yes,3840.85,262.0
Others,From RDC,Air,Adult,Tablet,60,416,7.9,0.13,Yes,1465.71,49.0
Others,Direct Drop,Air,HIV test,Test kit,100,1,9.1,0.89,Yes,91.66,1476.0
Zambia,From RDC,Truck,Adult,Tablet,60,16258,6.76,0.11,Yes,7317.48,2321.0
Nigeria,Direct Drop,Air,Adult,Tablet,120,430,9.1,0.79,Yes,729.03,77.0
Côte d'Ivoire,From RDC,Air,Pediatric,Tablet,60,9500,4.0,0.07,Yes,3051.95,449.0
Nigeria,From RDC,Air Charter,Adult,Tablet,30,6203,11.75,0.39,Yes,6147.18,560.0
Nigeria,From RDC,Air Charter,Adult,Tablet,60,94848,11.22,0.19,No,21326.73,1237.0
Vietnam,Direct Drop,Air,Adult,Tablet,120,434,9.1,0.68,Yes,2709.98,113.0
Haiti,Direct Drop,Air,Pediatric,Oral,240,375,6.83,0.03,Yes,2949.23,300.0
Zambia,From RDC,Truck,Adult,Tablet,60,9700,7.71,0.13,Yes,2448.71,551.0
Uganda,From RDC,Air,Adult,Tablet,60,40213,8.55,0.14,Yes,35689.71,3457.0
Zambia,Direct Drop,Air,HIV test,Test kit,100,2700,9.1,0.72,Yes,19502.09,1304.0
Uganda,Direct Drop,Air,Adult,Tablet,120,50,9.1,0.7,Yes,435.0,10.0
Ethiopia,Direct Drop,Air,HIV test,Test kit,20,3711,27.0,1.35,Yes,6112.63,1341.0
Nigeria,From RDC,Air Charter,Adult,Tablet,90,854,27.5,0.31,Yes,9736.1,142.0
Zimbabwe,From RDC,Truck,Adult,Tablet,60,9226,5.38,0.09,No,12956.94,5154.0
South Africa,Direct Drop,Ocean,Adult,Tablet,30,150000,6.86,0.23,Yes,13731.6,1237.0
Zambia,Direct Drop,Air,HIV test,Test kit,100,2730,9.1,0.8,Yes,21737.72,1318.0
Others,Direct Drop,Air,HIV test,Test kit,100,3484,9.1,0.8,Yes,33228.68,1415.0
Haiti,Direct Drop,Air,Pediatric,Oral,300,610,30.82,0.1,Yes,3428.37,708.0
Ethiopia,From RDC,Truck,Adult,Capsule,336,14,38.36,0.11,Yes,505.0,25.0
Uganda,From RDC,Truck,Adult,Tablet,30,1380,4.7,0.16,Yes,1034.64,142.0
Haiti,Direct Drop,Ocean,Adult,Tablet,60,9227,6.61,0.11,Yes,1922.5,813.0
Others,Direct Drop,Air,HIV test,Test kit,30,539,27.6,0.92,Yes,871.28,58.0
Rwanda,Direct Drop,Air,HIV test,Test kit,100,1891,9.1,0.8,Yes,14125.63,766.0
Nigeria,Direct Drop,Air,HIV test,Test kit,20,8018,32.0,0.16,Yes,28595.45,2607.0
Tanzania,From RDC,Truck,Adult,Tablet,30,337,5.87,0.2,No,5989.25,2304.0
Nigeria,From RDC,Air Charter,Adult,Tablet,60,53109,11.22,0.19,Yes,13398.06,1237.0
Haiti,From RDC,Air,Adult,Tablet,60,1925,8.15,0.14,Yes,1355.06,111.0
Nigeria,From RDC,Air Charter,Adult,Tablet,30,8462,26.25,0.88,Yes,7445.71,1225.0
Zimbabwe,Direct Drop,Air Charter,Adult,Tablet,30,25811,4.59,0.15,Yes,24936.5,2829.0
Côte d'Ivoire,From RDC,Air,Pediatric,Oral,240,600,1.95,0.01,Yes,3545.1,224.0
Zimbabwe,From RDC,Truck,Pediatric,Tablet,90,266,9.3,0.1,Yes,1200.0,17.0
Côte d'Ivoire,From RDC,Air,Adult,Tablet,60,10480,3.8,0.06,Yes,11032.42,786.0
Rwanda,From RDC,Air,HIV test,Test kit,20,1883,32.0,0.16,Yes,7670.04,627.0
Ethiopia,Direct Drop,Air,Adult,Capsule,60,64000,1.55,0.03,Yes,12237.61,4228.0
Mozambique,From RDC,Air,Adult,Tablet,60,42700,13.5,0.22,No,8118.64,5092.0
Haiti,From RDC,Air,Adult,Tablet,60,14875,8.76,0.15,No,1005.2,4176.0
Zimbabwe,Direct Drop,Air,Pediatric,Oral,300,1364,30.82,0.1,Yes,15578.89,1309.0
Mozambique,From RDC,Truck,Adult,Capsule,60,630,1.4,0.02,Yes,947.52,485.0
Tanzania,Direct Drop,Air,HIV test,Test kit,100,1130,9.1,0.8,Yes,10626.8,537.0
Zimbabwe,From RDC,Truck,Pediatric,Tablet,60,10893,1.99,0.03,Yes,6331.93,735.0
Vietnam,Direct Drop,Air,Adult,Tablet,30,6000,3.55,0.12,Yes,4545.64,2490.0
Ethiopia,Direct Drop,Air,HIV test,Test kit,20,340,29.0,0.16,Yes,810.96,128.0
Haiti,From RDC,Air,Adult,Tablet,30,39312,4.45,0.15,Yes,69748.5,7225.0
Haiti,Direct Drop,Air,Adult,Tablet,30,560,9.0,0.3,Yes,806.55,1237.0
Haiti,Direct Drop,Air,Pediatric,Oral,240,2052,1.51,0.01,Yes,6438.91,908.0
Tanzania,Direct Drop,Air,Adult,Tablet,30,5175,22.5,0.75,Yes,4136.58,775.0
South Africa,Direct Drop,Air,Pediatric,Oral,240,19098,3.15,0.01,Yes,3444.28,7367.0
Côte d'Ivoire,Direct Drop,Air,HIV test,Test kit,100,2954,9.1,0.8,Yes,125.42,1284.0
Uganda,Direct Drop,Air,Pediatric,Tablet,30,9051,1.25,0.04,Yes,3231.11,575.0
Zimbabwe,From RDC,Truck,Adult,Tablet,60,76000,7.12,0.12,No,14958.2,9020.0
Zambia,From RDC,Air,Adult,Tablet,60,2306,8.15,0.14,Yes,1659.48,132.0
Vietnam,Direct Drop,Air,Adult,Capsule,30,150,13.0,0.43,Yes,4111.71,30.0
Uganda,From RDC,Truck,Adult,Tablet,60,30107,8.26,0.14,Yes,23675.63,2875.0
Tanzania,Direct Drop,Air,HIV test,Test kit,20,168,32.0,0.16,Yes,1112.11,55.0
Vietnam,Direct Drop,Air,Adult,Tablet,60,1416,7.25,0.12,No,18207.5,2806.0
Côte d'Ivoire,Direct Drop,Air,Pediatric,Tablet,60,712,15.0,0.25,Yes,1836.81,147.0
Uganda,From RDC,Air,Adult,Tablet,60,32298,2.26,0.04,Yes,21806.84,6528.0
South Africa,Direct Drop,Ocean,Pediatric,Oral,240,20000,9.28,0.04,Yes,8301.76,7664.0
South Africa,Direct Drop,Ocean,Adult,Tablet,30,42938,6.65,0.22,Yes,6121.39,4008.0
Mozambique,From RDC,Air,Adult,Capsule,60,120,1.52,0.03,Yes,8118.64,5092.0
Nigeria,Direct Drop,Air,HIV test,Test kit,20,8000,27.0,1.35,Yes,22838.29,2603.0
South Africa,Direct Drop,Ocean,Pediatric,Oral,240,9960,2.06,0.01,Yes,9021.5,3670.0
Côte d'Ivoire,Direct Drop,Air,HIV test,Test kit,40,733,9.1,0.16,Yes,7079.25,783.0
Others,Direct Drop,Air,HIV test,Test kit,20,120,27.0,1.35,Yes,379.62,35.0
Côte d'Ivoire,From RDC,Air,Adult,Tablet,30,7132,4.22,0.14,Yes,3526.27,434.0
Haiti,From RDC,Air,Adult,Capsule,60,108,1.67,0.03,Yes,11091.78,1857.0
Uganda,From RDC,Air,Adult,Tablet,60,12974,2.44,0.04,No,18520.22,2501.0
Vietnam,Direct Drop,Air,Adult,Tablet,30,2016,13.66,0.46,Yes,2864.44,122.0
Côte d'Ivoire,From RDC,Truck,Adult,Tablet,30,30000,4.63,0.15,Yes,12748.74,3000.0
Tanzania,Direct Drop,Air,HIV test,Test kit,100,840,9.1,0.8,Yes,7765.61,405.0
Côte d'Ivoire,Direct Drop,Air,Adult,Tablet,120,16800,30.82,0.26,Yes,27376.29,4213.0
Haiti,Direct Drop,Air,HIV test,Test kit,100,750,9.1,0.8,Yes,1760.32,256.0
Tanzania,From RDC,Truck,Adult,Tablet,30,151208,10.52,0.35,Yes,13765.17,1237.0
Côte d'Ivoire,From RDC,Air,Adult,Tablet,30,11280,19.92,0.66,Yes,3380.35,1264.0
Vietnam,Direct Drop,Air,Adult,Tablet,60,13000,2.3,0.04,No,17392.05,1237.0
Côte d'Ivoire,Direct Drop,Air,HIV test,Test kit,100,3500,9.1,0.7,Yes,12858.12,893.0
Nigeria,Direct Drop,Air,HIV test,Test kit,100,6350,9.1,0.89,Yes,29274.16,2575.0
Côte d'Ivoire,Direct Drop,Air,Pediatric,Tablet,60,7228,4.6,0.08,Yes,3845.67,338.0
Zimbabwe,From RDC,Truck,Adult,Tablet,60,51747,2.26,0.04,No,13770.65,5925.0
Uganda,From RDC,Air,Adult,Tablet,60,3690,2.66,0.04,Yes,5166.39,214.0
Nigeria,Direct Drop,Air,Adult,Capsule,30,200,23.67,0.79,Yes,463.0,11.0
Côte d'Ivoire,Direct Drop,Air,Adult,Tablet,60,4448,30.0,0.5,Yes,5066.44,693.0
Others,From RDC,Air,HIV test,Test kit,20,10,32.0,0.16,Yes,400.75,3.0
Côte d'Ivoire,Direct Drop,Air,HIV test,Test kit,100,1384,9.1,0.8,Yes,13740.74,661.0
Zambia,Direct Drop,Air,HIV test,Test kit,100,8200,9.1,0.8,Yes,69016.63,3896.0
Vietnam,Direct Drop,Air,Adult,Tablet,60,771,12.25,0.2,Yes,678.96,136.0
Tanzania,From RDC,Truck,Adult,Tablet,30,17851,11.89,0.4,Yes,1663.18,2117.0
Others,Direct Drop,Air,HIV test,Test kit,100,20,9.1,0.16,Yes,1681.44,48.0
Others,From RDC,Air,Adult,Tablet,60,14770,5.38,0.09,Yes,10829.6,2192.0
Others,Direct Drop,Air,HIV test,Test kit,100,1128,9.1,0.8,Yes,12205.04,462.0
Côte d'Ivoire,From RDC,Truck,Pediatric,Tablet,60,5024,4.6,0.08,Yes,10680.14,2732.0
Rwanda,From RDC,Air,Pediatric,Capsule,90,487,8.64,0.1,Yes,585.42,66.0
Vietnam,Direct Drop,Air,Adult,Tablet,60,18600,1.85,0.03,Yes,4354.8,2175.0
Zimbabwe,Direct Drop,Air,Pediatric,Oral,300,846,30.82,0.1,Yes,9299.26,798.0
Côte d'Ivoire,From RDC,Air,Adult,Tablet,60,2770,10.25,0.17,No,2804.0,909.0
Tanzania,From RDC,Truck,Adult,Tablet,60,36576,2.58,0.04,Yes,1647.0,4145.0
Haiti,From RDC,Air,Pediatric,Oral,200,100,1.4,0.01,No,11091.78,1857.0
Vietnam,Direct Drop,Air,Adult,Tablet,60,23063,6.75,0.11,Yes,3225.12,1984.0
Zambia,From RDC,Truck,Adult,Tablet,30,113925,8.97,0.3,Yes,14325.71,1237.0
Mozambique,From RDC,Truck,Adult,Tablet,60,47108,8.11,0.14,Yes,4486.01,7041.0
Uganda,From RDC,Air,Adult,Tablet,30,2661,19.92,0.66,Yes,5166.39,909.0
Others,Direct Drop,Air,Pediatric,Tablet,30,240,1.3,0.04,Yes,1678.57,30.0
Tanzania,From RDC,Truck,Adult,Tablet,30,22002,5.74,0.19,Yes,10010.15,2003.0
Zimbabwe,From RDC,Truck,Adult,Tablet,60,36100,6.11,0.1,Yes,13208.56,3955.0
Zimbabwe,From RDC,Truck,Adult,Tablet,30,90000,10.52,0.35,Yes,15847.18,1237.0
Vietnam,Direct Drop,Air,Adult,Tablet,60,17584,8.1,0.13,Yes,4559.25,2446.0
South Africa,Direct Drop,Ocean,Pediatric,Oral,240,14065,2.12,0.01,Yes,1220.84,6196.0
Zambia,From RDC,Truck,Adult,Tablet,30,177272,12.3,0.41,No,30981.39,1237.0
South Africa,Direct Drop,Ocean,Pediatric,Oral,240,5590,2.12,0.01,Yes,3961.69,2068.0
Mozambique,From RDC,Air,Adult,Tablet,60,90955,7.4,0.12,Yes,8654.7,1237.0
Ethiopia,From RDC,Air,Adult,Tablet,60,107556,7.12,0.12,Yes,14144.68,1237.0
Vietnam,Direct Drop,Air,Adult,Tablet,60,2352,8.61,0.14,Yes,892.5,211.0
Tanzania,Direct Drop,Air,Adult,Tablet,60,31528,5.43,0.09,Yes,10879.44,1899.0
Uganda,From RDC,Air,Adult,Tablet,60,8834,2.26,0.04,Yes,8699.8,1600.0
Nigeria,From RDC,Air Charter,Adult,Tablet,60,142000,8.58,0.14,No,49199.75,1237.0
Zambia,Direct Drop,Air,HIV test,Test kit,100,1224,9.1,0.8,Yes,11491.6,588.0
Zimbabwe,Direct Drop,Ocean,Pediatric,Tablet,60,42500,8.04,0.13,Yes,16210.31,3868.0
Haiti,From RDC,Air,Pediatric,Capsule,30,1092,2.24,0.07,Yes,6811.39,1585.0
Others,Direct Drop,Air,HIV test,Test kit,25,87,9.1,0.16,Yes,1333.4,40.0
Mozambique,From RDC,Truck,Adult,Tablet,30,12710,3.21,0.11,Yes,10217.02,1237.0
Ethiopia,Direct Drop,Air,HIV test,Test kit,1,1362,24.5,0.16,Yes,9718.85,970.0
Others,Direct Drop,Air,HIV test,Test kit,100,1200,9.1,0.7,Yes,3321.08,274.0
Tanzania,Direct Drop,Air,Adult,Tablet,30,200000,10.5,0.35,Yes,127285.48,1237.0
Rwanda,Direct Drop,Air,HIV test,Test kit,20,1460,32.0,0.16,Yes,5405.42,613.0
Nigeria,From RDC,Air Charter,Adult,Tablet,60,234519,7.72,0.13,Yes,107573.94,1237.0
Nigeria,Direct Drop,Air,HIV test,Test kit,100,2891,9.1,0.89,Yes,32667.09,1378.0
Ethiopia,Direct Drop,Air,HIV test,Test kit,20,340,29.0,0.16,Yes,827.88,151.0
Zambia,From RDC,Truck,Adult,Tablet,60,500,7.71,0.13,Yes,17384.76,1237.0
Rwanda,Direct Drop,Air,HIV test,Test kit,20,500,40.0,0.16,Yes,17928.53,173.0
Haiti,Direct Drop,Air,Adult,Tablet,120,10,41.1,0.34,Yes,807.28,9.0
Zimbabwe,From RDC,Truck,Adult,Tablet,60,70000,5.38,0.09,Yes,12956.94,5154.0
Mozambique,From RDC,Air,Pediatric,Oral,240,338,21.05,0.09,Yes,9869.55,9006.0
Rwanda,Direct Drop,Air,Adult,Tablet,30,2800,5.35,0.18,Yes,2964.49,273.0
Côte d'Ivoire,Direct Drop,Air,HIV test,Test kit,100,3500,9.1,0.7,Yes,12499.27,794.0
Côte d'Ivoire,From RDC,Truck,Pediatric,Tablet,90,4120,7.3,0.08,Yes,4261.03,253.0
Uganda,From RDC,Air,Adult,Tablet,60,2420,8.76,0.15,Yes,1534.1,202.0
Haiti,From RDC,Air,Pediatric,Oral,240,3635,1.92,0.01,Yes,14489.1,1345.0
Tanzania,Direct Drop,Air,HIV test,Test kit,100,1387,9.1,0.8,Yes,12035.47,662.0
Zambia,From RDC,Air,HIV test,Test kit,100,5996,9.1,0.8,Yes,22171.8,1363.0
Nigeria,From RDC,Air Charter,Pediatric,Tablet,60,10383,1.9,0.03,Yes,3963.0,767.0
Tanzania,Direct Drop,Air,Adult,Tablet,30,12830,22.5,0.75,Yes,8344.86,1710.0
South Africa,Direct Drop,Ocean,Adult,Tablet,60,65072,2.87,0.05,Yes,17278.96,4194.0
Mozambique,From RDC,Truck,Adult,Tablet,60,23100,3.8,0.06,No,2400.25,2078.0
Côte d'Ivoire,From RDC,Truck,Pediatric,Capsule,30,1200,0.0,0.0,Yes,1532.73,80.0
Tanzania,Direct Drop,Air,HIV test,Test kit,30,20000,24.0,0.8,Yes,82236.74,6223.0
Zambia,From RDC,Truck,Adult,Tablet,30,230000,4.22,0.14,Yes,22168.18,1237.0
Haiti,From RDC,Air,Adult,Tablet,30,19656,3.64,0.12,Yes,18028.41,1679.0
Zimbabwe,Direct Drop,Air,HIV test,Test kit,100,2342,9.1,0.8,Yes,20082.38,1113.0
Uganda,From RDC,Air,Adult,Tablet,60,11490,2.26,0.04,Yes,3483.79,722.0
Vietnam,Direct Drop,Air,Adult,Tablet,60,9576,2.6,0.04,Yes,7884.8,889.0
Uganda,Direct Drop,Air,HIV test,Test kit,20,1275,27.0,1.35,Yes,4193.88,483.0
Tanzania,From RDC,Truck,Adult,Tablet,30,34733,5.74,0.19,Yes,5989.25,2746.0
South Africa,Direct Drop,Ocean,Adult,Tablet,30,120,4.51,0.15,Yes,19518.98,10.0
Côte d'Ivoire,From RDC,Truck,Adult,Tablet,30,3400,13.52,0.45,Yes,2414.89,247.0
Côte d'Ivoire,From RDC,Air,Adult,Tablet,60,8732,2.9,0.05,Yes,7302.48,485.0
Zambia,From RDC,Truck,Adult,Tablet,60,60683,7.53,0.13,Yes,3379.64,3325.0
Vietnam,Direct Drop,Air,Adult,Tablet,60,4980,8.1,0.13,Yes,1377.02,695.0
Ethiopia,Direct Drop,Air,HIV test,Test kit,1,3510,23.0,0.16,Yes,20083.74,2535.0
Nigeria,From RDC,Air Charter,Adult,Tablet,60,109238,2.26,0.04,Yes,20761.0,1237.0
Nigeria,Direct Drop,Air,HIV test,Test kit,20,10000,27.0,1.35,Yes,28118.58,3045.0
Côte d'Ivoire,From RDC,Truck,Adult,Tablet,30,14368,3.64,0.12,Yes,17192.4,4409.0
Others,From RDC,Air,Adult,Tablet,60,73,2.33,0.04,Yes,491.43,5.0
Tanzania,From RDC,Truck,Adult,Tablet,30,20921,5.87,0.2,Yes,6010.2,6692.0
Côte d'Ivoire,From RDC,Air,Adult,Tablet,30,2610,22.5,0.75,Yes,8758.37,1195.0
Zambia,Direct Drop,Air,Adult,Tablet,60,20000,2.15,0.04,Yes,6020.81,980.0
Uganda,Direct Drop,Air,HIV test,Test kit,50,31,9.1,0.16,Yes,1324.43,43.0
Uganda,Direct Drop,Air,Pediatric,Oral,100,11310,1.3,0.01,Yes,10898.12,2454.0
Côte d'Ivoire,Direct Drop,Air,Adult,Tablet,60,760,6.85,0.11,Yes,1575.13,97.0
Haiti,Direct Drop,Ocean,Pediatric,Oral,240,2040,1.51,0.01,Yes,2214.69,820.0
Mozambique,From RDC,Truck,Adult,Tablet,60,2870,2.45,0.04,Yes,4313.33,277.0
Mozambique,From RDC,Air,Adult,Tablet,120,2698,41.1,0.34,No,9869.55,9006.0
Others,Direct Drop,Air,HIV test,Test kit,100,4484,9.1,0.8,Yes,19489.83,1744.0
Tanzania,Direct Drop,Air,HIV test,Test kit,100,2915,0.0,0.0,Yes,20583.37,1208.0
South Africa,Direct Drop,Air,Adult,Tablet,30,64771,7.82,0.26,Yes,5298.03,4398.0
Côte d'Ivoire,Direct Drop,Air,HIV test,Test kit,25,659,20.0,0.8,Yes,2358.13,206.0
Haiti,Direct Drop,Air,HIV test,Test kit,100,150,9.1,1.39,Yes,1894.41,105.0
Zambia,From RDC,Truck,Pediatric,Tablet,60,18027,4.09,0.07,Yes,1765.18,1228.0
Tanzania,Direct Drop,Air,HIV test,Test kit,100,86,9.1,0.8,Yes,1765.86,40.0
Ethiopia,From RDC,Air,Adult,Tablet,120,8000,36.16,0.3,Yes,3600.65,1647.0
Nigeria,From RDC,Air Charter,Adult,Tablet,30,168,5.78,0.19,Yes,11637.64,15.0
Nigeria,Direct Drop,Air,ACT,Tablet,540,34,45.52,0.08,Yes,1755.87,115.0
Uganda,From RDC,Truck,Adult,Tablet,60,5184,2.9,0.05,Yes,1576.8,507.0
Mozambique,Direct Drop,Air,Adult,Tablet,60,616,6.85,0.11,Yes,1053.88,87.0
Côte d'Ivoire,Direct Drop,Air,HIV test,Test kit,30,1456,24.0,0.8,Yes,5074.33,486.0
Haiti,Direct Drop,Air,Pediatric,Capsule,90,2440,9.3,0.1,Yes,1659.21,163.0
Mozambique,From RDC,Truck,Adult,Tablet,30,3400,13.96,0.47,Yes,1981.6,315.0
Uganda,Direct Drop,Air,Adult,Capsule,30,7035,15.0,0.5,Yes,2242.71,440.0
Mozambique,From RDC,Air,Adult,Tablet,60,9838,17.5,0.29,No,9869.55,9006.0
Côte d'Ivoire,From RDC,Truck,Adult,Tablet,30,10000,4.7,0.16,Yes,10680.14,1387.0
Others,From RDC,Truck,Adult,Tablet,60,225,2.26,0.04,Yes,1641.0,81.0
South Africa,Direct Drop,Ocean,Adult,Tablet,60,515000,2.43,0.04,Yes,37401.43,1237.0
Uganda,From RDC,Air,Adult,Tablet,30,45840,3.91,0.13,Yes,27321.52,5486.0
Others,Direct Drop,Air,HIV test,Test kit,20,20,27.0,1.35,Yes,386.16,11.0
Others,Direct Drop,Air,HIV test,Test kit,100,100,9.1,0.72,Yes,1038.39,25.0
Vietnam,Direct Drop,Air,Adult,Tablet,60,11755,8.2,0.14,Yes,9046.76,1083.0
Ethiopia,Direct Drop,Air,HIV test,Test kit,20,165,32.0,0.16,Yes,794.72,138.0
Haiti,From RDC,Air,Adult,Tablet,30,19740,12.01,0.4,Yes,31051.3,2941.0
Côte d'Ivoire,Direct Drop,Air,HIV test,Test kit,40,1000,9.1,0.16,Yes,8114.11,1073.0
Tanzania,From RDC,Truck,Pediatric,Tablet,60,12106,4.3,0.07,No,3592.8,2461.0
Côte d'Ivoire,From RDC,Truck,Adult,Tablet,60,100425,2.66,0.04,Yes,7826.75,6880.0
Côte d'Ivoire,Direct Drop,Air,HIV test,Test kit,100,3000,9.1,0.78,Yes,11463.46,680.0
Others,Direct Drop,Air,HIV test,Test kit,20,47,32.0,0.16,Yes,870.22,15.0
Nigeria,Direct Drop,Air,HIV test,Test kit,100,10798,9.1,0.89,Yes,66059.65,4388.0
South Africa,Direct Drop,Air,Adult,Tablet,60,38400,2.92,0.05,Yes,6369.79,4528.0
Tanzania,Direct Drop,Air,HIV test,Test kit,100,2926,9.1,0.8,Yes,24596.33,1394.0
Others,From RDC,Air,Adult,Tablet,60,4560,6.76,0.11,Yes,1740.47,230.0
Vietnam,Direct Drop,Air,Adult,Tablet,60,336,7.5,0.12,Yes,2525.73,18.0
Ethiopia,Direct Drop,Air,HIV test,Test kit,1,3510,23.0,0.16,Yes,20083.74,2535.0
Others,Direct Drop,Air,HIV test,Test kit,20,50,32.0,0.16,Yes,617.79,17.0
Côte d'Ivoire,Direct Drop,Air,HIV test,Test kit,100,250,9.1,0.72,Yes,1796.68,57.0
Ethiopia,Direct Drop,Air,HIV test,Test kit,1,1100,24.5,0.16,Yes,7655.99,780.0
Uganda,From RDC,Truck,Adult,Tablet,120,5337,18.9,0.16,Yes,3730.8,1089.0
Vietnam,Direct Drop,Air,Adult,Tablet,60,20000,2.0,0.03,Yes,18207.5,2806.0
Uganda,From RDC,Truck,Adult,Tablet,60,14066,11.35,0.19,Yes,9547.7,1593.0
Ethiopia,From RDC,Air,Adult,Tablet,60,25540,2.9,0.05,Yes,6774.59,2031.0
Mozambique,Direct Drop,Air,HIV test,Test kit,100,2891,9.1,0.8,Yes,25607.44,1378.0
Zambia,From RDC,Truck,Adult,Tablet,60,16947,2.42,0.04,Yes,8709.0,1956.0
Uganda,Direct Drop,Air,HIV test,Test kit,50,45,9.1,0.16,Yes,1305.28,68.0
Uganda,From RDC,Air,Adult,Tablet,60,4782,11.22,0.19,Yes,8676.9,617.0
Others,From RDC,Air,Adult,Tablet,30,6667,3.91,0.13,Yes,3062.18,406.0
Rwanda,From RDC,Air,Pediatric,Capsule,90,2520,8.64,0.1,Yes,2716.08,318.0
Ethiopia,From RDC,Truck,Adult,Capsule,180,50,50.0,0.28,No,505.0,25.0
Nigeria,From RDC,Air Charter,Adult,Tablet,60,28000,11.35,0.19,Yes,11637.64,3239.0
Others,From RDC,Air,Adult,Tablet,30,55300,9.76,0.33,Yes,61201.46,6247.0
Côte d'Ivoire,From RDC,Truck,Adult,Tablet,120,33171,18.9,0.16,Yes,28647.52,7355.0
Zimbabwe,Direct Drop,Air,Pediatric,Oral,300,1500,30.82,0.1,Yes,9299.26,1374.0
Rwanda,Direct Drop,Air,HIV test,Test kit,1,20481,24.5,0.16,Yes,139951.34,1237.0
Zimbabwe,From RDC,Truck,Adult,Tablet,30,37696,11.15,0.37,Yes,10942.89,5093.0
Côte d'Ivoire,Direct Drop,Air,HIV test,Test kit,20,1900,29.0,0.16,Yes,7153.63,763.0
Others,From RDC,Air,Adult,Tablet,60,182,12.96,0.22,No,12862.56,1283.0
Mozambique,From RDC,Air,Adult,Tablet,60,6,3.2,0.05,No,3671.92,6036.0
Vietnam,Direct Drop,Air,Adult,Tablet,120,3470,9.1,0.68,Yes,5215.07,862.0
Vietnam,Direct Drop,Air,Adult,Tablet,60,31920,3.99,0.07,Yes,16007.06,1855.0
Côte d'Ivoire,Direct Drop,Air,HIV test,Test kit,100,800,9.1,0.7,Yes,3272.6,182.0
Nigeria,Direct Drop,Air,HIV test,Test kit,100,9330,9.1,0.89,Yes,61637.1,3787.0
Uganda,Direct Drop,Air,HIV test,Test kit,100,2788,9.1,0.8,Yes,16337.03,1215.0
Côte d'Ivoire,Direct Drop,Air,HIV test,Test kit,100,50,9.1,0.16,Yes,3004.62,120.0
Others,Direct Drop,Air,HIV test,Test kit,100,170,9.1,0.7,Yes,2883.51,40.0
Côte d'Ivoire,Direct Drop,Air,HIV test,Test kit,100,4400,9.1,0.8,Yes,24728.57,1033.0
South Africa,Direct Drop,Air,Adult,Tablet,30,2016,7.82,0.26,Yes,1881.24,136.0
Tanzania,Direct Drop,Air,Adult,Tablet,30,10565,20.0,0.67,Yes,6758.01,1412.0
Nigeria,Direct Drop,Air,HIV test,Test kit,100,6375,9.1,0.89,Yes,38029.42,3764.0
Côte d'Ivoire,Direct Drop,Air,Adult,Tablet,30,1400,22.5,0.75,Yes,4171.65,364.0
Others,Direct Drop,Air,HIV test,Test kit,20,132,32.0,0.16,Yes,1595.38,50.0
South Africa,Direct Drop,Air,Adult,Tablet,60,8989,7.43,0.12,Yes,3315.24,454.0
Vietnam,Direct Drop,Air,Adult,Tablet,60,25100,11.0,0.18,Yes,18772.94,2575.0
Vietnam,Direct Drop,Air,Adult,Tablet,60,23355,2.35,0.04,Yes,5221.88,1073.0
Others,Direct Drop,Air,HIV test,Test kit,100,90,9.1,0.89,Yes,1405.56,39.0
Rwanda,Direct Drop,Air,HIV test,Test kit,100,2530,9.1,0.78,Yes,26849.57,575.0
Zimbabwe,From RDC,Truck,Adult,Tablet,60,3345,7.78,0.13,Yes,5530.11,7095.0
Haiti,Direct Drop,Air,Pediatric,Tablet,30,2118,1.25,0.04,Yes,1987.82,134.0
Nigeria,Direct Drop,Air,Malaria,Tablet,30,1200,1.53,0.05,Yes,428.66,52.0
Uganda,From RDC,Air,Adult,Tablet,30,200,10.0,0.33,Yes,1483.39,44.0
Nigeria,Direct Drop,Air,HIV test,Test kit,100,2891,9.1,0.89,Yes,31201.82,1378.0
Others,From RDC,Air,Pediatric,Tablet,60,6459,0.0,0.0,Yes,11705.87,565.0
Zimbabwe,From RDC,Truck,Adult,Tablet,30,8000,2.0,0.07,Yes,2947.59,483.0
Vietnam,Direct Drop,Air,Adult,Tablet,120,7000,9.1,0.51,Yes,4881.42,1714.0
Côte d'Ivoire,From RDC,Truck,Pediatric,Tablet,60,3200,3.75,0.06,Yes,1137.18,166.0
Rwanda,From RDC,Air,HIV test,Test kit,20,1000,32.0,0.16,Yes,3494.5,334.0
Côte d'Ivoire,From RDC,Air,Pediatric,Oral,240,1664,16.5,0.07,Yes,10451.25,905.0
Tanzania,Direct Drop,Air,HIV test,Test kit,100,2870,9.1,0.8,Yes,24308.25,1368.0
Others,Direct Drop,Air,HIV test,Test kit,20,412,32.0,0.16,Yes,1375.8,123.0
Côte d'Ivoire,From RDC,Air,Pediatric,Tablet,90,4000,7.3,0.08,Yes,3138.35,244.0
Mozambique,From RDC,Air,Adult,Capsule,336,143,38.36,0.11,No,9869.55,9006.0
Vietnam,Direct Drop,Air,Adult,Capsule,60,2464,1.51,0.03,Yes,2879.96,114.0
Haiti,From RDC,Air,Pediatric,Capsule,90,105,16.0,0.18,Yes,1015.24,14.0
Mozambique,From RDC,Truck,Adult,Tablet,60,10000,11.36,0.19,Yes,4768.06,3118.0
Côte d'Ivoire,From RDC,Air,Adult,Tablet,30,2160,26.25,0.88,Yes,1660.07,186.0
Mozambique,Direct Drop,Air,HIV test,Test kit,100,120,9.1,0.8,Yes,3267.66,55.0
Zimbabwe,From RDC,Truck,Pediatric,Capsule,90,3969,4.42,0.05,Yes,251.42,561.0
Zimbabwe,Direct Drop,Air,HIV test,Test kit,100,8787,9.1,0.8,Yes,52462.81,3560.0
Vietnam,Direct Drop,Air,Pediatric,Tablet,60,2800,7.0,0.12,Yes,3292.15,555.0
Mozambique,From RDC,Air,Adult,Tablet,270,764,9.1,0.29,Yes,859.14,1669.0
Vietnam,Direct Drop,Air,Pediatric,Capsule,100,630,5.49,0.05,Yes,2729.91,48.0
Uganda,From RDC,Air,Adult,Tablet,30,860,12.01,0.4,Yes,675.0,76.0
Zambia,Direct Drop,Air,Adult,Tablet,30,300000,5.74,0.19,Yes,119474.09,1237.0
Côte d'Ivoire,From RDC,Truck,Pediatric,Tablet,60,4200,3.89,0.06,Yes,1965.57,180.0
Others,From RDC,Air,HIV test - Ancillary,Test kit,100,152,0.01,0.0,Yes,798.59,45.0
Uganda,From RDC,Truck,Adult,Tablet,30,24912,3.33,0.11,No,23809.39,1237.0
Zimbabwe,From RDC,Air,Adult,Tablet,60,22,7.4,0.12,No,7364.52,2262.0
Ethiopia,Direct Drop,Air,HIV test,Test kit,20,44,29.0,0.16,Yes,529.4,15.0
Nigeria,From RDC,Air Charter,Adult,Tablet,30,200000,11.15,0.37,Yes,26340.0,1237.0
Zambia,From RDC,Truck,Pediatric,Tablet,60,37979,3.89,0.06,Yes,3526.69,1628.0
Zambia,From RDC,Truck,Adult,Tablet,30,5000,12.01,0.4,Yes,8231.95,4247.0
Others,Direct Drop,Air,HIV test,Test kit,20,450,32.0,0.16,Yes,1871.07,164.0
Nigeria,From RDC,Air Charter,Adult,Tablet,30,22826,10.0,0.33,Yes,9736.1,2500.0
South Africa,Direct Drop,Ocean,Adult,Tablet,30,116000,7.03,0.23,Yes,13688.03,7965.0
Haiti,From RDC,Air,Pediatric,Oral,240,1470,12.5,0.05,Yes,95269.39,1237.0
Others,Direct Drop,Air,HIV test,Test kit,100,7238,9.1,0.89,Yes,13336.64,1246.0
Rwanda,From RDC,Truck,Adult,Tablet,30,715,4.04,0.13,Yes,1171.2,44.0
Rwanda,Direct Drop,Air,Adult,Tablet,60,60300,3.09,0.05,Yes,16769.43,3539.0
South Africa,Direct Drop,Ocean,Adult,Tablet,30,54008,6.47,0.22,Yes,12796.59,3658.0
Mozambique,From RDC,Air,Adult,Tablet,60,10044,9.5,0.16,Yes,10879.28,7341.0
South Africa,Direct Drop,Air,Adult,Tablet,30,25190,4.67,0.16,Yes,5886.9,2131.0
Mozambique,From RDC,Air,Adult,Capsule,180,252,50.0,0.28,No,3671.92,6036.0
Haiti,From RDC,Air,Adult,Tablet,30,7323,9.72,0.32,Yes,7584.12,631.0
Tanzania,Direct Drop,Air,Pediatric,Capsule,60,1028,22.0,0.37,Yes,1794.89,107.0
Zambia,From RDC,Air,Adult,Tablet,60,43470,3.57,0.06,Yes,18137.64,4398.0
Côte d'Ivoire,From RDC,Air,HIV test,Test kit,40,160,9.1,0.16,Yes,1754.0,173.0
Zambia,From RDC,Truck,Adult,Tablet,60,72333,3.4,0.06,Yes,15220.18,4957.0
Zambia,From RDC,Truck,Adult,Tablet,60,43676,2.42,0.04,Yes,25636.2,1237.0
Zambia,From RDC,Air,Adult,Tablet,60,9408,3.4,0.06,Yes,6269.7,893.0
Nigeria,From RDC,Air Charter,Adult,Tablet,60,41142,2.51,0.04,Yes,12601.12,2822.0
Zambia,From RDC,Truck,Adult,Tablet,60,13836,2.51,0.04,Yes,6476.7,1332.0
Others,Direct Drop,Air,HIV test,Test kit,20,137,32.0,0.16,Yes,1367.59,62.0
South Africa,Direct Drop,Ocean,Pediatric,Capsule,90,1515,9.98,0.11,Yes,4134.92,201.0
Nigeria,From RDC,Air Charter,Adult,Tablet,60,3194,7.72,0.13,Yes,51645.79,1237.0
Nigeria,Direct Drop,Air,HIV test,Test kit,40,375,9.1,0.16,Yes,4445.75,402.0
Haiti,From RDC,Air,Pediatric,Oral,180,325,16.96,0.09,Yes,23866.2,2085.0
Vietnam,Direct Drop,Air,Adult,Tablet,60,6493,1.77,0.03,Yes,1457.92,301.0
Others,From RDC,Air,Pediatric,Oral,240,600,1.95,0.01,Yes,3106.89,239.0
Côte d'Ivoire,From RDC,Truck,Adult,Tablet,30,30000,3.33,0.11,No,10680.14,2732.0
Tanzania,Direct Drop,Air,HIV test,Test kit,100,1044,9.1,0.8,Yes,9894.85,499.0
Vietnam,Direct Drop,Air,Adult,Tablet,30,27608,14.1,0.47,No,8334.77,4669.0
South Africa,Direct Drop,Air,Adult,Tablet,30,64738,7.82,0.26,Yes,3646.13,4457.0
Mozambique,From RDC,Truck,Adult,Tablet,60,24768,2.49,0.04,Yes,11701.65,1237.0
Zimbabwe,From RDC,Truck,Adult,Tablet,30,81589,9.6,0.32,Yes,23559.93,1237.0
Nigeria,From RDC,Air Charter,Adult,Tablet,30,3000,6.57,0.22,Yes,13398.06,263.0
Nigeria,From RDC,Air,Adult,Capsule,60,4124,1.55,0.03,Yes,7363.74,273.0
Côte d'Ivoire,From RDC,Truck,Adult,Tablet,30,1134,13.15,0.44,Yes,1076.5,121.0
Haiti,From RDC,Air,Pediatric,Oral,200,330,1.25,0.01,No,161712.87,1237.0
Mozambique,From RDC,Truck,Adult,Tablet,60,2484,8.76,0.15,Yes,2400.25,2078.0
Nigeria,Direct Drop,Air,HIV test,Test kit,100,3041,9.1,0.89,Yes,21084.84,1235.0
Others,From RDC,Air,Adult,Tablet,120,6364,19.36,0.16,Yes,8834.07,1591.0
Nigeria,From RDC,Air Charter,Adult,Tablet,60,25712,7.72,0.13,No,16532.5,7666.0
Mozambique,From RDC,Truck,Adult,Tablet,30,5763,4.62,0.15,Yes,3610.0,599.0
Mozambique,From RDC,Air,Adult,Tablet,60,32067,7.2,0.12,Yes,3671.92,2382.0
Nigeria,From RDC,Air,Adult,Tablet,60,35400,3.4,0.06,Yes,14931.8,1987.0
Haiti,Direct Drop,Air,Adult,Tablet,60,384,2.92,0.05,Yes,950.05,20.0
Côte d'Ivoire,From RDC,Truck,Pediatric,Oral,240,4157,1.43,0.01,Yes,6437.76,1385.0
Uganda,From RDC,Truck,Pediatric,Tablet,60,475,2.3,0.04,Yes,8163.74,1982.0
Tanzania,Direct Drop,Air,Adult,Tablet,60,20000,11.09,0.18,Yes,9716.76,2069.0
Côte d'Ivoire,Direct Drop,Air,Adult,Tablet,60,2706,6.85,0.11,Yes,9539.6,346.0
Côte d'Ivoire,From RDC,Truck,Adult,Tablet,30,40230,13.27,0.44,Yes,11874.85,4525.0
Côte d'Ivoire,From RDC,Truck,Adult,Tablet,120,1784,21.0,0.18,Yes,3332.73,475.0
Haiti,From RDC,Air,Adult,Capsule,60,216,1.32,0.02,No,161712.87,1237.0
Zimbabwe,From RDC,Air,Adult,Tablet,30,1860,12.42,0.41,Yes,5145.86,4256.0
Others,From RDC,Air,Adult,Tablet,60,13023,2.58,0.04,Yes,3787.65,750.0
Others,Direct Drop,Air,HIV test,Test kit,20,20000,32.0,0.16,Yes,41300.11,6568.0
Côte d'Ivoire,Direct Drop,Air,HIV test,Test kit,30,19,29.0,0.97,Yes,780.34,13.0
South Africa,Direct Drop,Ocean,Adult,Tablet,30,127904,4.53,0.15,Yes,15331.5,1237.0
Others,Direct Drop,Air,HIV test,Test kit,100,30,9.1,0.16,Yes,1765.54,72.0
Côte d'Ivoire,From RDC,Truck,Adult,Tablet,60,75000,9.81,0.16,Yes,11874.85,1237.0
Côte d'Ivoire,Direct Drop,Air,HIV test,Test kit,20,3049,27.0,1.35,Yes,7208.0,904.0
Nigeria,Direct Drop,Air,HIV test,Test kit,100,5884,9.1,0.89,Yes,34730.62,3435.0
Tanzania,Direct Drop,Air,HIV test,Test kit,100,2744,9.1,0.8,Yes,22317.25,1303.0
Nigeria,From RDC,Air,Adult,Tablet,30,31560,13.27,0.44,Yes,15459.09,3856.0
Côte d'Ivoire,From RDC,Air,Adult,Tablet,30,47614,4.12,0.14,Yes,9657.88,3453.0
Côte d'Ivoire,From RDC,Truck,Adult,Tablet,120,10000,19.66,0.16,Yes,28406.4,7041.0
Rwanda,From RDC,Air,Adult,Tablet,60,44131,11.22,0.19,Yes,81670.57,5364.0
Mozambique,From RDC,Air,Adult,Tablet,60,3000,3.4,0.06,Yes,1074.95,168.0
Others,Direct Drop,Air,Adult,Tablet,30,38692,10.74,0.36,Yes,32683.47,4707.0
Zambia,From RDC,Truck,Adult,Tablet,30,12000,2.0,0.07,Yes,954.13,700.0
Mozambique,From RDC,Air,Adult,Tablet,60,38975,7.2,0.12,Yes,9161.95,1237.0
Côte d'Ivoire,From RDC,Truck,Adult,Tablet,120,25597,29.31,0.24,Yes,20786.04,1237.0
Tanzania,From RDC,Truck,Adult,Tablet,60,2469,11.23,0.19,Yes,1163.2,230.0
Zambia,From RDC,Truck,Adult,Tablet,60,100000,2.66,0.04,Yes,13411.32,6206.0
Ethiopia,Direct Drop,Air,Adult,Capsule,30,2600,13.0,0.43,Yes,1131.48,236.0
Nigeria,From RDC,Air Charter,Adult,Tablet,60,7526,5.5,0.09,Yes,1263.0,507.0
Mozambique,Direct Drop,Air,Adult,Tablet,60,24816,8.11,0.14,Yes,16835.52,3392.0
Zambia,From RDC,Truck,Adult,Tablet,60,14124,9.45,0.16,Yes,2882.85,2115.0
Haiti,Direct Drop,Air,Pediatric,Tablet,60,2697,5.94,0.1,Yes,4126.9,1825.0
Nigeria,Direct Drop,Air,HIV test,Test kit,20,9048,27.0,1.35,Yes,20635.3,2985.0
Zambia,Direct Drop,Air,Adult,Tablet,30,79620,5.9,0.2,Yes,40583.63,7133.0
Others,From RDC,Truck,HIV test,Test kit,25,3,0.01,0.0,Yes,99.0,3.0
Côte d'Ivoire,Direct Drop,Air,Adult,Tablet,120,1500,9.1,0.83,Yes,2527.94,271.0
Côte d'Ivoire,Direct Drop,Air,Adult,Tablet,120,11480,36.16,0.3,Yes,28238.31,4794.0
Tanzania,Direct Drop,Air,Adult,Tablet,30,60757,3.3,0.11,Yes,20136.28,5215.0
Mozambique,From RDC,Truck,Adult,Tablet,60,45000,8.55,0.14,Yes,3936.85,4171.0
Rwanda,Direct Drop,Ocean,Adult,Tablet,30,117359,8.5,0.28,Yes,32530.22,1237.0
Vietnam,Direct Drop,Air,Adult,Tablet,60,20000,6.49,0.11,Yes,3868.49,1748.0
Others,Direct Drop,Air,HIV test,Test kit,100,10000,9.1,0.89,Yes,31923.61,2951.0
Vietnam,Direct Drop,Air,Adult,Tablet,60,10158,7.08,0.12,Yes,1934.17,941.0
Haiti,From RDC,Air,Adult,Tablet,60,16752,9.45,0.16,Yes,11572.0,1580.0
Ethiopia,From RDC,Air,Adult,Tablet,60,9692,9.5,0.16,Yes,6346.22,1215.0
Uganda,From RDC,Air,Adult,Tablet,30,1747,11.0,0.37,Yes,1340.96,152.0
Mozambique,From RDC,Air,Adult,Tablet,30,2933,16.75,0.56,No,9869.55,9006.0
Uganda,From RDC,Air,Adult,Tablet,60,17000,11.22,0.19,Yes,14467.75,2156.0
Nigeria,From RDC,Air Charter,Adult,Tablet,60,40000,11.22,0.19,Yes,9736.1,4693.0
Rwanda,From RDC,Air Charter,Pediatric,Oral,240,1800,1.85,0.01,Yes,4370.8,718.0
Nigeria,Direct Drop,Air,HIV test,Test kit,100,2744,9.1,0.89,Yes,24927.19,1186.0
Nigeria,From RDC,Air Charter,Adult,Tablet,30,121000,9.6,0.32,Yes,68103.71,1237.0
Others,From RDC,Truck,HIV test,Test kit,25,270,20.0,0.8,Yes,98.08,97.0
Rwanda,From RDC,Air,Adult,Tablet,60,12000,13.15,0.22,Yes,28202.0,1239.0
Côte d'Ivoire,Direct Drop,Air,HIV test,Test kit,100,5408,9.1,0.78,Yes,17085.16,1229.0
Uganda,Direct Drop,Air,HIV test - Ancillary,Test kit,100,850,0.01,0.0,Yes,360.0,56.0
Rwanda,Direct Drop,Air,Pediatric,Capsule,60,1411,33.0,0.55,Yes,1950.74,145.0
Mozambique,From RDC,Truck,Adult,Tablet,60,25000,6.73,0.11,No,4768.06,3118.0
Tanzania,From RDC,Truck,Adult,Tablet,30,116931,10.78,0.36,Yes,7083.18,1237.0
Zambia,From RDC,Truck,Adult,Tablet,30,50000,12.01,0.4,Yes,4579.42,3817.0
Côte d'Ivoire,From RDC,Air,Adult,Tablet,60,10000,11.8,0.2,Yes,5048.32,1456.0
Nigeria,From RDC,Air Charter,Adult,Tablet,30,43441,8.23,0.27,Yes,15322.7,3263.0
Zimbabwe,From RDC,Truck,Adult,Tablet,60,10227,2.26,0.04,No,11133.66,394.0
Zimbabwe,From RDC,Truck,Pediatric,Tablet,60,26267,2.76,0.05,Yes,6933.75,1875.0
Zambia,From RDC,Air,Pediatric,Oral,240,5496,1.97,0.01,Yes,25739.49,6230.0
Côte d'Ivoire,From RDC,Air,Adult,Tablet,60,10962,8.76,0.15,Yes,6111.21,2634.0
Others,Direct Drop,Air,HIV test,Test kit,100,8331,9.1,0.89,Yes,37548.87,1980.0
Haiti,Direct Drop,Air,Adult,Tablet,30,3905,20.0,0.67,No,7296.97,1189.0
Haiti,From RDC,Air,Adult,Tablet,120,1320,36.16,0.3,Yes,2080.2,276.0
Uganda,Direct Drop,Air,Adult,Tablet,60,114996,8.1,0.13,Yes,56180.34,1237.0
Rwanda,From RDC,Air,Adult,Tablet,60,38463,9.98,0.17,Yes,20896.5,3450.0
Uganda,From RDC,Air,Adult,Tablet,30,27304,4.34,0.14,Yes,56372.66,1237.0
Ethiopia,Direct Drop,Air,HIV test,Test kit,20,170,32.0,0.16,Yes,143.57,58.0
Others,From RDC,Air,Adult,Tablet,60,1848,9.5,0.16,Yes,4807.0,402.0
Nigeria,From RDC,Air,Pediatric,Oral,240,1653,3.95,0.02,No,13873.0,2846.0
Haiti,From RDC,Air,Pediatric,Capsule,90,1260,9.71,0.11,Yes,2452.54,194.0
Côte d'Ivoire,From RDC,Truck,Adult,Tablet,30,9800,3.19,0.11,Yes,4958.0,622.0
Nigeria,From RDC,Air,Adult,Tablet,30,662,26.25,0.88,Yes,6443.61,62.0
Zambia,From RDC,Air,Pediatric,Capsule,30,570,3.47,0.12,Yes,505.17,26.0
Vietnam,Direct Drop,Air,Pediatric,Oral,240,1000,1.92,0.01,Yes,13762.41,960.0
Zimbabwe,From RDC,Truck,Pediatric,Tablet,60,19425,1.9,0.03,Yes,8043.57,1043.0
Nigeria,From RDC,Air Charter,Adult,Tablet,30,844,6.57,0.22,Yes,12601.07,76.0
Uganda,Direct Drop,Air,Pediatric,Oral,100,10368,1.3,0.01,Yes,10898.13,2127.0
Nigeria,From RDC,Air,Adult,Capsule,60,1260,1.6,0.03,Yes,4251.0,988.0
Others,Direct Drop,Air,Adult,Tablet,120,2508,35.0,0.29,Yes,5002.73,645.0
Others,Direct Drop,Air,HIV test,Test kit,100,7318,9.1,0.89,Yes,29339.63,2556.0
Vietnam,Direct Drop,Air,Adult,Tablet,60,10762,8.1,0.13,Yes,2702.63,1485.0
Vietnam,Direct Drop,Air,Adult,Tablet,60,26598,8.15,0.14,Yes,5764.28,3301.0
Uganda,From RDC,Truck,Pediatric,Tablet,60,4000,2.15,0.04,Yes,1332.7,474.0
Nigeria,From RDC,Air Charter,Adult,Tablet,30,95597,4.64,0.15,Yes,20992.67,1237.0
Mozambique,From RDC,Air,Adult,Tablet,60,47392,7.2,0.12,Yes,3599.76,7113.0
Uganda,Direct Drop,Air,Adult,Tablet,60,390,55.5,0.92,Yes,433.0,39.0
Nigeria,From RDC,Air Charter,Adult,Tablet,30,40148,10.0,0.33,Yes,9736.1,3312.0
Ethiopia,From RDC,Air,Adult,Tablet,60,14044,3.04,0.05,Yes,2963.8,732.0
Haiti,Direct Drop,Air,HIV test,Test kit,100,200,9.1,0.16,Yes,9334.68,480.0
Vietnam,Direct Drop,Air,Adult,Tablet,120,4165,9.1,0.68,Yes,5417.87,1010.0
Rwanda,Direct Drop,Air,Adult,Tablet,30,32510,11.75,0.39,Yes,28336.18,2791.0
Rwanda,Direct Drop,Air,Adult,Capsule,30,1467,20.0,0.67,Yes,4822.01,114.0
Uganda,From RDC,Air,Adult,Tablet,120,100,41.1,0.34,Yes,1152.63,23.0
Mozambique,From RDC,Truck,Adult,Tablet,60,139000,6.73,0.11,Yes,8191.96,1237.0
Mozambique,From RDC,Truck,Adult,Tablet,60,10000,12.96,0.22,Yes,7951.22,1033.0
Vietnam,Direct Drop,Air,Adult,Tablet,60,591,11.4,0.19,Yes,430.5,36.0
Zimbabwe,From RDC,Truck,Adult,Tablet,60,100000,9.81,0.16,Yes,8751.99,1237.0
Mozambique,From RDC,Air,Adult,Tablet,270,2579,9.1,0.29,Yes,1824.11,663.0
Others,Direct Drop,Air,HIV test - Ancillary,Test kit,3,10,25.0,0.16,Yes,337.89,6.0
Zambia,From RDC,Air,Adult,Tablet,60,2489,27.53,0.46,No,25739.49,6230.0
Zimbabwe,From RDC,Truck,Adult,Tablet,30,20160,11.15,0.37,Yes,10942.88,2277.0
Vietnam,Direct Drop,Air,Adult,Tablet,120,500,9.1,0.68,Yes,1767.38,117.0
Haiti,Direct Drop,Air,HIV test,Test kit,100,1000,9.1,0.8,Yes,2802.42,343.0
Tanzania,From RDC,Truck,Adult,Tablet,30,2178,5.87,0.2,Yes,5989.25,2304.0
Vietnam,Direct Drop,Air,Adult,Tablet,60,24349,11.0,0.18,Yes,11838.56,2799.0
Côte d'Ivoire,From RDC,Air,Adult,Tablet,30,8676,5.78,0.19,Yes,5254.1,4845.0
Côte d'Ivoire,Direct Drop,Air,Adult,Tablet,120,9517,33.7,0.28,Yes,17068.85,2368.0
Nigeria,From RDC,Air,Adult,Tablet,60,11569,9.45,0.16,Yes,8504.72,1072.0
Zambia,From RDC,Truck,Pediatric,Tablet,60,4000,1.99,0.03,Yes,274.51,312.0
Rwanda,Direct Drop,Ocean,Adult,Tablet,30,39330,13.0,0.43,Yes,66916.5,4426.0
Rwanda,From RDC,Air,Adult,Capsule,60,392,2.15,0.04,Yes,1372.38,29.0
Haiti,Direct Drop,Air,Malaria,Tablet,1000,30,6.57,0.01,Yes,21015.77,3221.0
Nigeria,From RDC,Air Charter,Adult,Tablet,60,11949,8.76,0.15,Yes,11637.65,1084.0
Mozambique,From RDC,Truck,Adult,Tablet,60,8586,2.22,0.04,No,3855.94,775.0
Others,From RDC,Truck,HIV test,Test kit,20,150,32.0,0.16,Yes,952.04,54.0
Haiti,Direct Drop,Air,Adult,Tablet,30,1000,18.0,0.6,Yes,1579.89,132.0
South Africa,Direct Drop,Ocean,Adult,Tablet,60,104636,2.72,0.05,Yes,8527.46,1237.0
Uganda,From RDC,Truck,Adult,Tablet,60,1946,2.33,0.04,Yes,2070.68,195.0
Vietnam,Direct Drop,Air,Adult,Tablet,60,800,11.2,0.19,No,1593.67,953.0
Zambia,From RDC,Truck,Adult,Tablet,60,19200,2.51,0.04,Yes,9421.76,1936.0
Côte d'Ivoire,From RDC,Truck,Pediatric,Tablet,60,5701,4.15,0.07,Yes,3487.55,338.0
Haiti,From RDC,Air,Pediatric,Oral,180,70,16.96,0.09,Yes,933.09,30.0
Côte d'Ivoire,From RDC,Air,Pediatric,Oral,200,800,1.4,0.01,Yes,1286.0,77.0
Uganda,Direct Drop,Air,HIV test,Test kit,100,4000,9.1,0.8,Yes,14692.8,1624.0
Tanzania,From RDC,Air,Adult,Tablet,30,131808,12.01,0.4,Yes,8399.76,1237.0
Nigeria,From RDC,Air Charter,Adult,Tablet,30,53279,8.23,0.27,Yes,15322.73,5494.0
Uganda,From RDC,Air,Adult,Tablet,30,1500,11.75,0.39,Yes,2288.29,109.0
Others,From RDC,Air,Adult,Tablet,60,4250,13.15,0.22,Yes,3062.18,437.0
Zambia,From RDC,Air,Adult,Tablet,60,8251,27.53,0.46,Yes,3303.52,822.0
Others,Direct Drop,Air,HIV test,Test kit,20,728,32.0,0.16,Yes,6897.71,245.0
Mozambique,From RDC,Truck,Adult,Tablet,60,4050,2.33,0.04,Yes,3495.81,195.0
Others,Direct Drop,Air,Pediatric,Tablet,60,2000,1.9,0.03,Yes,1484.75,251.0
Others,Direct Drop,Air,Adult,Tablet,30,36000,10.5,0.35,Yes,20371.77,4171.0
Vietnam,Direct Drop,Air,Adult,Tablet,120,2000,9.1,0.51,Yes,1467.82,499.0
South Africa,Direct Drop,Ocean,Pediatric,Oral,240,10233,2.12,0.01,Yes,6660.05,3542.0
Others,Direct Drop,Air,HIV test - Ancillary,Test kit,1,160,5.0,0.16,Yes,2084.52,149.0
Ethiopia,Direct Drop,Air,HIV test,Test kit,1,3510,23.0,0.16,Yes,23035.69,2535.0
Tanzania,Direct Drop,Air,Adult,Tablet,60,2145,6.85,0.11,Yes,2383.65,309.0
Tanzania,From RDC,Truck,Adult,Tablet,60,31144,2.26,0.04,Yes,7134.39,1237.0
Vietnam,Direct Drop,Air,Adult,Tablet,30,71,23.26,0.78,Yes,493.42,15.0
Ethiopia,Direct Drop,Air,Adult,Capsule,30,750,20.0,0.67,No,1131.48,236.0
Tanzania,From RDC,Truck,Pediatric,Tablet,60,12917,2.3,0.04,Yes,3592.8,2461.0
Vietnam,Direct Drop,Air,Adult,Tablet,60,19600,6.15,0.1,Yes,12423.96,1926.0
Haiti,From RDC,Air,Pediatric,Oral,240,3100,1.95,0.01,Yes,14661.14,1156.0
Haiti,From RDC,Air,Adult,Tablet,30,8192,11.0,0.37,Yes,101348.75,1237.0
Uganda,From RDC,Air,Adult,Tablet,30,30685,4.7,0.16,Yes,6506.75,5426.0
Haiti,Direct Drop,Ocean,Adult,Tablet,30,46500,10.74,0.36,Yes,9195.61,5342.0
Others,Direct Drop,Air,Adult,Tablet,60,34910,8.13,0.14,Yes,37479.21,4426.0
Zambia,From RDC,Air,Adult,Tablet,60,50000,3.4,0.06,Yes,6002.19,4733.0
Côte d'Ivoire,From RDC,Air,Adult,Tablet,30,3120,26.25,0.88,Yes,2941.11,798.0
Zimbabwe,Direct Drop,Ocean,Pediatric,Tablet,60,41840,5.94,0.1,Yes,25189.51,4528.0
Ethiopia,From RDC,Air,Adult,Tablet,60,12745,3.4,0.06,Yes,8332.0,1197.0
Zimbabwe,From RDC,Truck,Pediatric,Oral,240,595,8.51,0.04,Yes,7300.0,236.0
Rwanda,Direct Drop,Air,HIV test,Test kit,20,500,32.0,0.16,Yes,3478.5,166.0
Côte d'Ivoire,From RDC,Air,Adult,Tablet,30,300,19.92,0.66,No,3380.35,1264.0
Uganda,From RDC,Truck,Adult,Tablet,60,25,6.76,0.11,Yes,5220.79,1.0
Nigeria,From RDC,Air Charter,Adult,Tablet,30,55488,10.92,0.36,No,43548.0,1237.0
Nigeria,From RDC,Air,Adult,Tablet,30,14000,11.0,0.37,Yes,13538.35,1169.0
Côte d'Ivoire,Direct Drop,Air,HIV test,Test kit,100,2070,9.1,0.8,Yes,19368.23,988.0
Zimbabwe,From RDC,Truck,Adult,Tablet,60,69037,2.42,0.04,Yes,15299.58,1237.0
Haiti,Direct Drop,Air,Adult,Tablet,30,5000,20.0,0.67,Yes,7296.97,1189.0
Rwanda,From RDC,Air,HIV test,Test kit,100,1250,9.1,0.72,Yes,8143.19,362.0
Haiti,Direct Drop,Air,HIV test,Test kit,100,2059,9.1,0.7,Yes,3684.28,470.0
Nigeria,From RDC,Air Charter,Adult,Tablet,60,60000,2.58,0.04,Yes,15322.73,1237.0
Côte d'Ivoire,From RDC,Air,Adult,Tablet,60,21225,3.4,0.06,Yes,14336.95,2521.0
Zambia,From RDC,Truck,Adult,Tablet,30,50000,12.01,0.4,Yes,4060.54,3775.0
Tanzania,Direct Drop,Air,Pediatric,Capsule,30,20867,1.56,0.05,Yes,8403.67,1337.0
Haiti,From RDC,Air,Pediatric,Oral,240,1716,1.95,0.01,No,161712.87,1237.0
Uganda,From RDC,Truck,Adult,Tablet,30,48,5.36,0.18,Yes,673.25,5.0
Zambia,From RDC,Air,Pediatric,Oral,240,1222,1.78,0.01,Yes,6380.09,825.0
Haiti,Direct Drop,Air,HIV test,Test kit,100,45,9.1,0.16,Yes,854.34,29.0
Rwanda,Direct Drop,Air,HIV test,Test kit,1,4156,24.5,0.16,Yes,36502.8,2771.0
Tanzania,Direct Drop,Air,HIV test,Test kit,20,30,32.0,0.16,Yes,910.73,10.0
Zambia,Direct Drop,Air,HIV test,Test kit,100,2814,9.1,0.8,Yes,22746.62,1363.0
Haiti,Direct Drop,Ocean,Adult,Tablet,30,43065,2.98,0.1,No,12336.45,8385.0
Tanzania,Direct Drop,Air,HIV test,Test kit,25,10000,20.0,0.8,Yes,23623.43,3334.0
Zambia,From RDC,Air,Pediatric,Capsule,90,4000,15.26,0.17,Yes,2951.12,481.0
Zambia,From RDC,Truck,Adult,Tablet,60,5125,15.04,0.25,Yes,3949.19,523.0
Others,Direct Drop,Air,HIV test,Test kit,20,5,32.0,0.16,Yes,1225.17,3.0
Nigeria,From RDC,Air Charter,Adult,Tablet,60,40230,11.4,0.19,Yes,30983.24,4531.0
Zambia,From RDC,Truck,Adult,Tablet,30,182876,3.91,0.13,No,7317.47,1237.0
Zambia,From RDC,Truck,Adult,Tablet,60,50000,3.4,0.06,Yes,2938.92,2773.0
Nigeria,Direct Drop,Air,ACT,Tablet,540,2000,35.21,0.07,Yes,17170.07,1250.0
Uganda,From RDC,Air,Adult,Tablet,60,4000,8.76,0.15,Yes,2458.26,263.0
Mozambique,Direct Drop,Air,HIV test,Test kit,20,3700,32.0,0.16,Yes,18937.3,1265.0
Uganda,Direct Drop,Air,Adult,Tablet,60,39449,8.1,0.13,Yes,20416.03,5714.0
Haiti,Direct Drop,Air,HIV test,Test kit,100,3,9.1,1.39,Yes,1800.33,2.0
Vietnam,Direct Drop,Air,Adult,Tablet,60,27900,8.1,0.13,Yes,7238.46,3868.0
Nigeria,From RDC,Air Charter,Adult,Tablet,30,26798,16.73,0.56,Yes,25231.96,3203.0
Mozambique,Direct Drop,Air,HIV test - Ancillary,Test kit,100,7690,0.01,0.0,Yes,23743.01,2278.0
Nigeria,Direct Drop,Air,HIV test,Test kit,100,11054,9.1,0.89,Yes,67915.7,4495.0
Ethiopia,Direct Drop,Air,HIV test,Test kit,1,4162,24.5,0.16,Yes,34137.03,2777.0
Haiti,From RDC,Air,Adult,Tablet,60,2111,2.33,0.04,Yes,1697.33,101.0
Ethiopia,Direct Drop,Air,HIV test - Ancillary,Test kit,100,10000,8.0,0.08,Yes,4856.14,400.0
Zimbabwe,From RDC,Air,Adult,Tablet,60,4000,4.0,0.07,Yes,2698.04,305.0
Others,Direct Drop,Air,Pediatric,Capsule,30,171,8.5,0.28,Yes,2782.94,81.0
South Africa,Direct Drop,Air,Adult,Tablet,30,31680,4.67,0.16,Yes,4263.08,2970.0
Others,From RDC,Air,Adult,Tablet,30,103,6.08,0.2,Yes,5636.3,1072.0
Haiti,Direct Drop,Ocean,Adult,Tablet,30,60000,10.5,0.35,Yes,8217.8,8113.0
Vietnam,Direct Drop,Air,Adult,Capsule,60,14428,1.45,0.02,No,12974.12,3998.0
Others,Direct Drop,Air,HIV test,Test kit,20,15,29.0,0.16,Yes,325.67,6.0
Uganda,Direct Drop,Air,Pediatric,Capsule,30,168,2.0,0.07,Yes,1021.34,8.0
Côte d'Ivoire,From RDC,Air,Adult,Tablet,60,1437,2.9,0.05,Yes,1211.48,138.0
Mozambique,From RDC,Truck,Adult,Tablet,30,45608,4.22,0.14,Yes,7664.01,5406.0
Rwanda,From RDC,Air,Adult,Capsule,180,112,50.0,0.28,Yes,1161.0,24.0
Nigeria,From RDC,Air Charter,Adult,Tablet,60,131607,7.72,0.13,No,36027.0,1237.0
Côte d'Ivoire,Direct Drop,Ocean,Adult,Tablet,120,22600,30.0,0.25,Yes,24624.0,5734.0
Nigeria,From RDC,Air Charter,Adult,Tablet,60,4700,2.33,0.04,Yes,15322.73,264.0
Zimbabwe,From RDC,Truck,Adult,Tablet,60,44716,2.26,0.04,Yes,13770.65,5925.0
Others,Direct Drop,Air,HIV test,Test kit,100,7982,9.1,0.89,Yes,31382.03,2278.0
Ethiopia,From RDC,Air,Adult,Capsule,60,78460,1.52,0.03,Yes,17910.0,5184.0
Others,Direct Drop,Air,HIV test,Test kit,20,120,32.0,0.16,Yes,1862.27,41.0
Nigeria,From RDC,Air Charter,Adult,Tablet,30,25000,11.0,0.37,Yes,15128.37,2267.0
Haiti,From RDC,Air,Pediatric,Oral,240,4000,1.43,0.01,Yes,29216.84,2769.0
Côte d'Ivoire,From RDC,Air,Adult,Tablet,60,2590,21.42,0.36,Yes,1211.48,257.0
Others,Direct Drop,Air,HIV test,Test kit,100,200,9.1,0.7,Yes,10486.42,45.0
Zimbabwe,From RDC,Truck,Adult,Tablet,60,19512,5.38,0.09,Yes,15608.15,1237.0
Vietnam,Direct Drop,Air,Adult,Tablet,30,20856,10.5,0.35,Yes,4427.52,2959.0
South Africa,Direct Drop,Ocean,Adult,Tablet,30,105707,6.86,0.23,Yes,7704.77,7092.0
Tanzania,Direct Drop,Air,Pediatric,Oral,240,132,15.08,0.06,Yes,633.0,65.0
Uganda,From RDC,Air,Adult,Tablet,30,238606,10.52,0.35,Yes,24816.73,1237.0
Zambia,Direct Drop,Air,HIV test,Test kit,100,4300,9.1,0.72,Yes,8690.26,979.0
Zambia,From RDC,Truck,Adult,Tablet,30,10000,16.73,0.56,Yes,6079.27,1133.0
South Africa,Direct Drop,Ocean,Pediatric,Capsule,30,54768,2.44,0.08,Yes,10923.46,3237.0
Côte d'Ivoire,From RDC,Air,Adult,Capsule,60,6200,1.75,0.03,Yes,4147.9,354.0
Others,Direct Drop,Air,Adult,Tablet,30,20993,4.65,0.16,Yes,17568.6,2100.0
Côte d'Ivoire,Direct Drop,Air,HIV test,Test kit,100,2953,9.1,0.8,Yes,23273.76,1284.0
Nigeria,From RDC,Air Charter,Adult,Tablet,60,255001,8.26,0.14,Yes,30936.1,1237.0
Haiti,Direct Drop,Air,Pediatric,Tablet,60,80,9.5,0.16,Yes,260.0,43.0
South Africa,Direct Drop,Ocean,Adult,Tablet,60,19836,8.42,0.14,Yes,698.0,1820.0
Vietnam,Direct Drop,Air,Adult,Tablet,60,8245,8.2,0.14,Yes,7261.69,759.0
Zimbabwe,From RDC,Air,Adult,Tablet,60,47390,5.85,0.1,Yes,3833.17,7112.0
Vietnam,Direct Drop,Air,Adult,Tablet,60,22008,8.61,0.14,Yes,12793.94,2148.0
Nigeria,Direct Drop,Air,HIV test,Test kit,20,11500,27.0,1.35,Yes,43664.71,3276.0
Others,Direct Drop,Air,HIV test,Test kit,20,50,27.0,1.35,Yes,378.6,18.0
Vietnam,Direct Drop,Air,Adult,Tablet,60,23003,2.21,0.04,Yes,11346.48,1483.0
Zambia,Direct Drop,Air,Adult,Tablet,30,100000,7.35,0.24,Yes,50030.37,1237.0
Rwanda,Direct Drop,Air,HIV test,Test kit,1,2988,24.5,0.16,Yes,26266.34,1992.0
South Africa,Direct Drop,Ocean,Adult,Tablet,60,23845,14.93,0.25,Yes,3649.67,2283.0
Mozambique,From RDC,Truck,Adult,Tablet,60,2890,1.99,0.03,Yes,4120.69,168.0
Côte d'Ivoire,From RDC,Air,Pediatric,Oral,180,3027,9.5,0.05,Yes,25563.0,1237.0
Zambia,From RDC,Air,Adult,Tablet,30,4332,12.42,0.41,Yes,1890.76,338.0
Rwanda,Direct Drop,Air,Adult,Capsule,336,120,38.36,0.11,Yes,2204.08,298.0
Nigeria,From RDC,Air Charter,Adult,Tablet,60,29980,7.78,0.13,Yes,27441.22,2721.0
Others,Direct Drop,Air,HIV test,Test kit,100,915,9.1,1.0,Yes,11941.94,439.0
Others,From RDC,Air,Adult,Tablet,60,696,2.33,0.04,Yes,1002.59,33.0
Ethiopia,From RDC,Air,Adult,Tablet,30,6020,6.57,0.22,Yes,3935.92,542.0
Nigeria,From RDC,Air Charter,Adult,Tablet,60,35300,8.76,0.15,Yes,11637.64,3190.0
Uganda,From RDC,Air,Adult,Tablet,60,31932,11.22,0.19,No,56372.66,1237.0
Côte d'Ivoire,From RDC,Truck,Pediatric,Oral,240,3000,2.1,0.01,Yes,5971.13,1152.0
Uganda,From RDC,Truck,Adult,Tablet,60,212934,8.26,0.14,Yes,19248.7,1237.0
Ethiopia,Direct Drop,Air,HIV test,Test kit,20,140,27.0,1.35,Yes,447.73,38.0
Côte d'Ivoire,From RDC,Air,Adult,Capsule,270,23,9.1,0.29,No,10137.04,2143.0
Nigeria,Direct Drop,Air,HIV test,Test kit,100,2744,9.1,0.89,Yes,28734.43,1303.0
South Africa,Direct Drop,Ocean,Adult,Tablet,30,88289,6.91,0.23,Yes,5460.48,7540.0
Uganda,From RDC,Truck,Adult,Tablet,60,12762,11.0,0.18,No,55175.61,1237.0
Mozambique,From RDC,Truck,Adult,Tablet,30,8438,9.72,0.32,Yes,1588.05,1404.0
Tanzania,From RDC,Truck,Adult,Tablet,30,24042,6.07,0.2,Yes,3300.95,2006.0
Nigeria,From RDC,Air Charter,Adult,Tablet,60,105160,11.22,0.19,Yes,21326.73,1237.0
Others,From RDC,Air,Adult,Tablet,60,228,6.6,0.11,Yes,973.48,21.0
Nigeria,Direct Drop,Air,Adult,Tablet,30,2000,50.4,0.16,Yes,924.4,169.0
Rwanda,From RDC,Truck,Adult,Tablet,30,61123,10.78,0.36,Yes,14311.0,8281.0
Uganda,From RDC,Air,Adult,Tablet,60,2316,8.55,0.14,Yes,2294.85,386.0
Vietnam,Direct Drop,Air,Pediatric,Oral,240,691,2.1,0.01,No,1222.31,437.0
Côte d'Ivoire,Direct Drop,Air,Pediatric,Tablet,60,3900,1.85,0.03,Yes,3740.01,321.0
Côte d'Ivoire,Direct Drop,Air,Pediatric,Oral,180,4200,16.96,0.09,Yes,2786.22,1234.0
Côte d'Ivoire,From RDC,Air,Adult,Tablet,60,10000,10.25,0.17,Yes,3179.0,980.0
Uganda,From RDC,Air,Adult,Tablet,30,3273,13.52,0.45,Yes,2786.61,389.0
Uganda,Direct Drop,Air,Adult,Capsule,336,44,38.36,0.11,Yes,985.78,116.0
Uganda,From RDC,Air,Adult,Tablet,30,7051,13.96,0.47,No,8699.8,1600.0
Others,From RDC,Air,Pediatric,Oral,240,10,1.99,0.01,Yes,1334.92,71.0
Others,Direct Drop,Air,HIV test,Test kit,20,750,32.0,0.16,Yes,6654.24,248.0
Others,Direct Drop,Air,HIV test,Test kit,20,11,32.0,0.16,Yes,578.73,5.0
Vietnam,Direct Drop,Air,Adult,Tablet,120,3812,9.1,0.51,Yes,3216.15,824.0
Rwanda,Direct Drop,Air,Adult,Tablet,30,13823,18.0,0.6,Yes,10743.33,1805.0
Vietnam,Direct Drop,Air,Adult,Tablet,30,11517,3.24,0.11,Yes,3001.35,1006.0
Others,Direct Drop,Air,HIV test,Test kit,30,414,27.6,0.92,Yes,694.1,44.0
South Africa,Direct Drop,Ocean,Adult,Tablet,30,35357,4.26,0.14,Yes,7292.27,2806.0
Vietnam,Direct Drop,Air,Adult,Tablet,60,632,13.0,0.22,Yes,8334.77,4669.0
Others,Direct Drop,Air,HIV test,Test kit,20,73,32.0,0.16,No,3918.37,508.0
Côte d'Ivoire,Direct Drop,Air,Adult,Tablet,60,780,6.85,0.11,Yes,1743.84,102.0
Uganda,From RDC,Air,Adult,Tablet,60,11216,11.35,0.19,Yes,13293.41,1894.0
Rwanda,Direct Drop,Air,Adult,Tablet,30,43657,4.13,0.14,Yes,35499.58,3720.0
Mozambique,Direct Drop,Air,HIV test,Test kit,50,80,9.1,0.16,Yes,1368.78,111.0
Mozambique,From RDC,Air,Adult,Capsule,84,760,9.59,0.11,No,8118.64,5092.0
Rwanda,From RDC,Truck,Pediatric,Oral,240,800,8.5,0.04,Yes,2282.79,297.0
Others,Direct Drop,Air,HIV test,Test kit,20,41,32.0,0.16,No,3918.37,508.0
Rwanda,From RDC,Truck,Adult,Tablet,120,11193,20.22,0.17,Yes,33986.07,2518.0
Others,Direct Drop,Air,HIV test - Ancillary,Test kit,3,10,25.0,0.16,Yes,322.12,6.0
Nigeria,From RDC,Air,Adult,Tablet,60,2454,3.4,0.06,Yes,4401.4,231.0
Haiti,Direct Drop,Air,Pediatric,Tablet,60,46,10.28,0.17,Yes,893.22,10.0
Tanzania,Direct Drop,Air,HIV test,Test kit,25,8000,20.0,0.8,Yes,17773.94,2667.0
Zambia,From RDC,Truck,Adult,Tablet,30,50000,12.01,0.4,No,8231.95,4247.0
Nigeria,From RDC,Air Charter,Adult,Tablet,30,30000,11.75,0.39,Yes,6147.18,2700.0
Côte d'Ivoire,Direct Drop,Air,HIV test,Test kit,25,3700,20.5,0.82,Yes,13222.33,1281.0
Vietnam,Direct Drop,Air,Adult,Tablet,30,21384,10.15,0.34,Yes,4219.32,2406.0
Zimbabwe,From RDC,Air,Adult,Tablet,60,22240,7.4,0.12,Yes,7364.52,2262.0
Vietnam,Direct Drop,Air,Adult,Tablet,60,12488,8.15,0.14,Yes,3314.03,1846.0
Others,Direct Drop,Air,HIV test,Test kit,100,2400,9.1,0.96,Yes,10159.15,978.0
Vietnam,Direct Drop,Air,Adult,Tablet,60,30000,10.45,0.17,Yes,17392.05,1237.0
Others,Direct Drop,Air,HIV test,Test kit,20,15000,32.0,0.16,Yes,36219.03,4956.0
Uganda,From RDC,Air,Pediatric,Tablet,60,638,1.9,0.03,Yes,747.76,45.0
Others,Direct Drop,Air,Pediatric,Oral,240,367,2.0,0.01,Yes,2038.97,161.0
Tanzania,Direct Drop,Air,Adult,Tablet,60,63200,5.5,0.09,Yes,23397.41,4007.0
Mozambique,From RDC,Truck,Pediatric,Oral,240,8000,1.95,0.01,Yes,2779.53,2987.0
Rwanda,From RDC,Truck,Adult,Tablet,60,157062,2.21,0.04,Yes,12757.0,1237.0
Ethiopia,From RDC,Air,Pediatric,Oral,240,30000,1.95,0.01,Yes,33216.14,1237.0
Vietnam,Direct Drop,Air,Adult,Capsule,336,12,9.1,0.61,Yes,4042.47,51.0
Nigeria,Direct Drop,Air,HIV test,Test kit,100,1000,9.1,0.8,Yes,2682.47,341.0
Others,Direct Drop,Air,HIV test,Test kit,20,40,27.0,1.35,Yes,269.98,14.0
Côte d'Ivoire,From RDC,Air,Adult,Tablet,60,61920,8.76,0.15,Yes,8815.65,5334.0
Vietnam,Direct Drop,Air,Adult,Tablet,30,19152,6.5,0.22,Yes,11884.14,1503.0
Zambia,From RDC,Truck,Adult,Tablet,60,6376,7.02,0.12,Yes,889.94,639.0
Uganda,Direct Drop,Air,Adult,Tablet,60,60678,8.1,0.13,Yes,28304.85,8402.0
Others,Direct Drop,Air,Malaria,Tablet,1000,1070,24.0,0.02,Yes,5914.0,902.0
Uganda,From RDC,Air,Adult,Tablet,30,720,19.92,0.66,Yes,2305.65,79.0
Nigeria,From RDC,Air Charter,Adult,Tablet,60,20000,2.33,0.04,Yes,17090.0,2238.0
Nigeria,From RDC,Air Charter,Adult,Tablet,120,15826,18.9,0.16,Yes,29674.92,3814.0
Zambia,From RDC,Air,Pediatric,Capsule,90,1064,16.0,0.18,Yes,944.21,128.0
Haiti,Direct Drop,Air,HIV test,Test kit,100,30,9.1,0.16,Yes,2556.61,72.0
Rwanda,Direct Drop,Air,Pediatric,Oral,240,2468,2.93,0.01,Yes,650.81,907.0
Mozambique,From RDC,Truck,Adult,Tablet,60,33650,5.58,0.09,Yes,5816.46,6904.0
Nigeria,Direct Drop,Air,HIV test,Test kit,20,3401,29.0,0.16,Yes,10191.28,972.0
Côte d'Ivoire,From RDC,Truck,Adult,Tablet,120,3524,24.76,0.21,Yes,14368.65,3264.0
Nigeria,From RDC,Air Charter,Adult,Tablet,30,3000,19.92,0.66,Yes,9736.1,329.0
Others,From RDC,Air,Adult,Tablet,120,100,18.64,0.16,Yes,632.63,21.0
Côte d'Ivoire,From RDC,Truck,Adult,Tablet,30,4000,5.5,0.18,Yes,2333.91,372.0
Nigeria,From RDC,Truck,Adult,Capsule,60,858,1.55,0.03,Yes,7363.73,58.0
Nigeria,From RDC,Air Charter,Pediatric,Tablet,60,13660,3.6,0.06,Yes,1871.34,849.0
Uganda,From RDC,Air,Adult,Tablet,60,1350,9.5,0.16,Yes,739.0,80.0
South Africa,Direct Drop,Ocean,Adult,Tablet,30,76097,6.65,0.22,Yes,6121.41,7105.0
Haiti,Direct Drop,Air,HIV test,Test kit,100,4000,9.1,1.0,Yes,15230.88,1623.0
Zimbabwe,Direct Drop,Air,HIV test,Test kit,100,1000,9.1,0.72,Yes,3791.81,324.0
Nigeria,From RDC,Air,Adult,Tablet,60,60840,11.4,0.19,Yes,33279.39,7663.0
Rwanda,Direct Drop,Air,Adult,Tablet,60,110,6.85,0.11,Yes,1046.02,43.0
Haiti,From RDC,Air,Pediatric,Oral,240,4000,2.1,0.01,Yes,16163.28,1587.0
Uganda,From RDC,Air,Adult,Tablet,30,13373,3.91,0.13,Yes,7964.24,816.0
Rwanda,Direct Drop,Air,HIV test,Test kit,30,3912,22.5,0.75,Yes,15022.74,1320.0
Uganda,Direct Drop,Air,Adult,Tablet,120,111,36.0,0.3,Yes,330.0,24.0
Côte d'Ivoire,From RDC,Truck,Adult,Tablet,60,6750,11.23,0.19,Yes,17647.73,4919.0
Rwanda,From RDC,Air,Adult,Tablet,30,4000,17.0,0.57,Yes,11931.0,265.0
Uganda,From RDC,Air,Pediatric,Oral,240,127,1.92,0.01,Yes,740.34,46.0
Zambia,Direct Drop,Air,HIV test,Test kit,100,2730,9.1,0.8,Yes,17657.02,1184.0
Côte d'Ivoire,From RDC,Air,Adult,Tablet,60,1926,8.52,0.14,Yes,977.55,105.0
Côte d'Ivoire,From RDC,Truck,Adult,Tablet,30,6377,4.7,0.16,Yes,4730.18,833.0
Rwanda,From RDC,Air,Adult,Tablet,60,6385,2.44,0.04,Yes,1762.5,327.0
Tanzania,Direct Drop,Air,Adult,Tablet,120,12560,41.1,0.34,Yes,12815.42,3073.0
Zimbabwe,Direct Drop,Air,HIV test,Test kit,100,2450,9.1,0.72,Yes,21170.3,1183.0
Tanzania,Direct Drop,Air,HIV test,Test kit,25,10000,20.0,0.8,Yes,23650.43,3335.0
Nigeria,From RDC,Air,Adult,Tablet,30,25000,5.36,0.18,Yes,18461.22,5897.0
Côte d'Ivoire,Direct Drop,Air,Pediatric,Capsule,100,670,4.5,0.04,Yes,1921.02,76.0
Uganda,Direct Drop,Air,Pediatric,Capsule,60,46,26.09,0.43,Yes,986.79,3.0
South Africa,Direct Drop,Air,Pediatric,Oral,240,60000,10.02,0.04,Yes,27372.24,1237.0
Zambia,Direct Drop,Air,HIV test,Test kit,100,3000,9.1,0.8,Yes,25760.94,1428.0
Vietnam,Direct Drop,Air,Adult,Tablet,30,2800,3.5,0.12,Yes,1593.67,953.0
Mozambique,Direct Drop,Air,HIV test,Test kit,100,1000,9.1,0.72,Yes,2648.82,296.0
Côte d'Ivoire,Direct Drop,Air,HIV test,Test kit,100,6500,9.1,0.8,Yes,30778.29,2634.0
Vietnam,Direct Drop,Air,Adult,Tablet,60,2180,3.21,0.05,Yes,5881.57,242.0
Nigeria,From RDC,Air Charter,Adult,Tablet,60,52378,7.72,0.13,Yes,16532.5,7666.0
South Africa,Direct Drop,Air,Adult,Tablet,30,34560,4.67,0.16,Yes,4263.07,3240.0
Vietnam,Direct Drop,Air,Adult,Tablet,30,22232,10.15,0.34,Yes,4363.06,2510.0
Côte d'Ivoire,From RDC,Air,Adult,Tablet,120,1110,41.1,0.34,Yes,1603.0,222.0
Zimbabwe,Direct Drop,Ocean,Pediatric,Tablet,60,204713,3.6,0.06,Yes,22059.25,1237.0
Rwanda,From RDC,Air,Pediatric,Tablet,60,10000,3.6,0.06,Yes,3989.81,558.0
Nigeria,From RDC,Air Charter,Adult,Tablet,30,4,4.61,0.15,Yes,69737.0,1237.0
Others,Direct Drop,Air,HIV test,Test kit,20,3140,32.0,0.16,Yes,10304.62,1024.0
Nigeria,From RDC,Air Charter,Adult,Tablet,60,48821,11.22,0.19,Yes,27441.22,6949.0
Côte d'Ivoire,From RDC,Air,Adult,Tablet,30,5010,9.72,0.32,Yes,1854.88,434.0
Mozambique,From RDC,Air,Adult,Tablet,30,3318,17.0,0.57,No,9869.55,9006.0
Zambia,From RDC,Truck,Adult,Tablet,60,15000,14.63,0.24,Yes,8510.81,1677.0
Côte d'Ivoire,From RDC,Air,Pediatric,Oral,240,4000,1.86,0.01,Yes,8050.55,1928.0
Uganda,From RDC,Air,Adult,Tablet,30,656,26.25,0.88,Yes,794.22,58.0
Uganda,From RDC,Truck,Adult,Tablet,60,71568,11.0,0.18,Yes,55175.61,1237.0
South Africa,Direct Drop,Ocean,Adult,Tablet,30,112595,6.47,0.22,Yes,9972.68,7991.0
Mozambique,From RDC,Truck,Adult,Tablet,60,76000,7.12,0.12,Yes,1799.88,5597.0
Others,Direct Drop,Air,Pediatric,Oral,300,30,30.82,0.1,Yes,460.9,56.0
Uganda,Direct Drop,Air,Adult,Tablet,60,18216,2.25,0.04,Yes,6757.18,1863.0
Vietnam,Direct Drop,Air,Adult,Capsule,60,21000,1.45,0.02,Yes,11915.51,1516.0
Haiti,From RDC,Air,Pediatric,Capsule,90,210,16.0,0.18,Yes,997.46,26.0
Côte d'Ivoire,From RDC,Truck,Adult,Tablet,30,611,13.52,0.45,Yes,1335.15,55.0
Ethiopia,Direct Drop,Air,HIV test,Test kit,1,6998,23.0,0.16,Yes,44347.71,5057.0
Rwanda,From RDC,Air,Adult,Tablet,60,629,13.15,0.22,Yes,1618.12,67.0
Zimbabwe,From RDC,Truck,Adult,Tablet,60,40869,2.26,0.04,Yes,15000.0,2520.0
Rwanda,From RDC,Truck,Adult,Tablet,60,30666,2.21,0.04,Yes,11085.83,1878.0
Ethiopia,Direct Drop,Air,HIV test,Test kit,20,3982,27.0,1.35,Yes,7303.25,1445.0
Ethiopia,Direct Drop,Air,HIV test,Test kit,20,43,32.0,0.16,Yes,406.68,15.0
Zimbabwe,From RDC,Truck,Adult,Tablet,60,51722,5.38,0.09,Yes,16064.09,1237.0
South Africa,Direct Drop,Ocean,Pediatric,Oral,240,50000,2.06,0.01,Yes,22647.81,1237.0
Rwanda,Direct Drop,Air,Adult,Tablet,30,18000,20.0,0.67,Yes,1832.54,2402.0
Zimbabwe,From RDC,Truck,Adult,Tablet,30,40534,4.7,0.16,Yes,9708.48,3749.0
Côte d'Ivoire,Direct Drop,Air,Adult,Tablet,30,1461,20.5,0.68,Yes,1664.12,1237.0
Others,Direct Drop,Air,HIV test,Test kit,20,1400,32.0,0.16,Yes,5061.46,500.0
Vietnam,Direct Drop,Air,Adult,Capsule,60,672,1.4,0.02,Yes,1701.1,32.0
Vietnam,Direct Drop,Air,Adult,Tablet,30,30000,4.13,0.14,Yes,14589.33,2957.0
Others,Direct Drop,Air,Pediatric,Oral,300,20,9.1,0.2,Yes,1152.9,52.0
Haiti,From RDC,Air,Adult,Capsule,60,3850,1.4,0.02,Yes,2936.8,230.0
Vietnam,Direct Drop,Air,Adult,Tablet,60,29847,2.35,0.04,Yes,6475.64,1403.0
Tanzania,Direct Drop,Air,Adult,Tablet,60,33022,8.13,0.14,Yes,16066.92,4190.0
Zimbabwe,From RDC,Air,Pediatric,Tablet,60,20000,3.75,0.06,Yes,5055.8,1920.0
South Africa,Direct Drop,Ocean,Adult,Tablet,30,64260,4.51,0.15,Yes,630.5,5623.0
Others,From RDC,Air,Adult,Tablet,60,43,2.33,0.04,Yes,91.42,2.0
Haiti,Direct Drop,Air,HIV test,Test kit,100,110,9.1,1.39,Yes,1953.6,78.0
Rwanda,From RDC,Air,HIV test,Test kit,30,1883,16.5,0.55,Yes,4436.76,752.0
Côte d'Ivoire,From RDC,Air,Pediatric,Tablet,60,1907,15.5,0.26,Yes,1042.58,395.0
Others,Direct Drop,Air,Pediatric,Tablet,60,8800,5.94,0.1,Yes,10334.23,1485.0
Zambia,Direct Drop,Air,HIV test,Test kit,100,3038,9.1,0.8,Yes,19517.12,1259.0
Zimbabwe,From RDC,Air,Adult,Tablet,60,1629,3.67,0.06,Yes,912.45,152.0
Mozambique,From RDC,Air,Adult,Tablet,60,92950,7.2,0.12,Yes,7534.18,6883.0
Zambia,From RDC,Truck,Adult,Tablet,30,53787,12.96,0.43,Yes,42040.3,6342.0
Rwanda,From RDC,Truck,Adult,Tablet,60,15862,8.11,0.14,Yes,5445.73,1851.0
Others,Direct Drop,Air,Adult,Tablet,30,1244,14.1,0.47,Yes,5864.56,175.0
Others,Direct Drop,Air,Adult,Tablet,30,45632,4.62,0.15,Yes,22271.36,4539.0
Côte d'Ivoire,From RDC,Truck,Adult,Tablet,60,60000,8.26,0.14,Yes,28864.27,8750.0
South Africa,Direct Drop,Ocean,Adult,Tablet,60,185954,2.47,0.04,Yes,13677.68,9019.0
Mozambique,From RDC,Truck,Adult,Tablet,60,182729,8.97,0.15,Yes,7733.77,1237.0
Côte d'Ivoire,From RDC,Air,Pediatric,Oral,180,4077,16.97,0.09,Yes,4963.0,1554.0
Zambia,From RDC,Air,Adult,Tablet,60,85158,10.68,0.18,Yes,33572.78,8169.0
Haiti,Direct Drop,Air,HIV test,Test kit,100,6302,9.1,1.0,Yes,21256.43,2557.0
Others,Direct Drop,Air,HIV test,Test kit,20,179,32.0,0.16,Yes,2147.11,63.0
Mozambique,From RDC,Truck,Pediatric,Oral,240,24496,1.95,0.01,Yes,6483.81,1237.0
Zambia,From RDC,Air,Pediatric,Oral,300,746,41.1,0.14,Yes,1566.21,88.0
Uganda,From RDC,Air,Adult,Tablet,30,2000,10.0,0.33,Yes,1905.63,168.0
Zambia,From RDC,Truck,Adult,Tablet,60,10776,7.21,0.12,Yes,8045.76,586.0
Mozambique,From RDC,Truck,Adult,Tablet,60,1400,2.18,0.04,Yes,3644.18,4355.0
Mozambique,From RDC,Air,Adult,Capsule,60,735,1.46,0.02,Yes,955.36,47.0
Others,Direct Drop,Air,HIV test,Test kit,20,500,32.0,0.16,Yes,2442.32,500.0
Others,Direct Drop,Air,HIV test,Test kit,100,6636,9.1,0.8,Yes,11163.27,1036.0
Zambia,From RDC,Truck,Adult,Tablet,60,120000,8.55,0.14,Yes,12049.4,1237.0
Rwanda,Direct Drop,Ocean,Adult,Tablet,30,82981,9.36,0.31,Yes,14760.6,6683.0
Haiti,From RDC,Air,Adult,Tablet,60,34769,8.76,0.15,Yes,1005.2,4176.0
Côte d'Ivoire,From RDC,Air,Pediatric,Oral,240,1547,1.92,0.01,Yes,1234.9,581.0
Nigeria,From RDC,Air Charter,Adult,Tablet,60,75000,7.0,0.12,Yes,14547.55,7515.0
Zimbabwe,Direct Drop,Air Charter,Adult,Tablet,60,158000,2.2,0.04,Yes,68350.52,1237.0
South Africa,Direct Drop,Ocean,Adult,Tablet,60,70030,7.33,0.12,Yes,17919.41,3534.0
Tanzania,Direct Drop,Air,HIV test,Test kit,30,11990,24.0,0.8,Yes,28620.81,3997.0
Vietnam,Direct Drop,Air,Adult,Capsule,60,9275,1.45,0.02,Yes,7444.35,432.0
Nigeria,From RDC,Air Charter,Adult,Tablet,30,5000,4.64,0.15,Yes,28812.57,1447.0
Côte d'Ivoire,From RDC,Truck,Adult,Tablet,60,75000,11.22,0.19,Yes,22878.26,1237.0
Nigeria,From RDC,Air Charter,Adult,Tablet,60,33571,2.26,0.04,Yes,37242.5,1237.0
Uganda,From RDC,Air,Adult,Tablet,60,500,2.9,0.05,Yes,1096.71,26.0
Vietnam,Direct Drop,Air,Adult,Tablet,60,16300,11.15,0.19,Yes,11648.31,2011.0
Nigeria,From RDC,Air,Adult,Capsule,60,253,1.75,0.03,Yes,460.0,15.0
Uganda,From RDC,Truck,Adult,Tablet,60,100000,11.22,0.19,Yes,78442.21,1237.0
Uganda,From RDC,Truck,Adult,Tablet,60,5525,11.0,0.18,Yes,4054.19,1414.0
Nigeria,From RDC,Air Charter,Adult,Tablet,60,54096,8.76,0.15,Yes,9736.1,4660.0
Mozambique,From RDC,Air,Adult,Tablet,30,50000,2.0,0.07,Yes,8405.91,3584.0
Others,Direct Drop,Air,HIV test,Test kit,20,70,32.0,0.16,Yes,3918.37,508.0
Others,Direct Drop,Ocean,Adult,Tablet,30,6200,11.49,0.38,Yes,3548.81,701.0
Haiti,Direct Drop,Ocean,Adult,Tablet,30,21203,3.24,0.11,Yes,4532.44,2471.0
Tanzania,From RDC,Truck,Adult,Tablet,60,9243,25.45,0.42,Yes,2233.61,936.0
Côte d'Ivoire,Direct Drop,Air,Adult,Tablet,120,28000,30.82,0.26,Yes,46002.44,7025.0
Nigeria,From RDC,Air,Adult,Tablet,60,2780,9.35,0.16,Yes,2426.8,262.0
Nigeria,From RDC,Air,Adult,Tablet,60,229,10.68,0.18,No,13873.0,2846.0
Vietnam,Direct Drop,Air,Adult,Tablet,30,8400,10.19,0.34,Yes,3247.73,613.0
Mozambique,From RDC,Truck,Pediatric,Oral,240,26200,1.86,0.01,Yes,12803.35,5343.0
South Africa,Direct Drop,Ocean,Adult,Tablet,60,164908,2.47,0.04,Yes,12225.76,8048.0
Others,Direct Drop,Air,HIV test,Test kit,25,33,9.1,0.16,Yes,238.56,25.0
Côte d'Ivoire,Direct Drop,Air,HIV test,Test kit,100,70,9.1,0.72,Yes,515.48,16.0
Tanzania,From RDC,Air,Adult,Tablet,60,9476,9.5,0.16,Yes,4207.4,1008.0
Uganda,From RDC,Truck,Adult,Tablet,60,26432,2.42,0.04,Yes,10915.97,1499.0
Ethiopia,From RDC,Air,Adult,Tablet,60,11188,11.8,0.2,Yes,9138.0,1435.0
Haiti,Direct Drop,Air,Adult,Tablet,120,646,19.32,0.16,Yes,737.11,166.0
Nigeria,From RDC,Air,Pediatric,Oral,240,1622,6.2,0.03,No,13873.0,2846.0
South Africa,Direct Drop,Ocean,Adult,Tablet,30,82500,6.86,0.23,Yes,7378.63,5624.0
Côte d'Ivoire,From RDC,Air,Pediatric,Oral,240,3500,1.9,0.01,Yes,4329.01,1208.0
Tanzania,From RDC,Air,Adult,Tablet,60,28512,10.68,0.18,Yes,13820.4,2630.0
Tanzania,Direct Drop,Air,HIV test,Test kit,25,10000,20.0,0.8,Yes,28837.28,3336.0
Mozambique,From RDC,Truck,Adult,Tablet,60,75535,6.52,0.11,Yes,5443.53,6237.0
Tanzania,Direct Drop,Air,HIV test,Test kit,25,10000,20.0,0.8,Yes,45032.55,3334.0
Mozambique,Direct Drop,Air,HIV test,Test kit,100,5000,9.1,0.8,Yes,43848.04,2384.0
Haiti,Direct Drop,Air,Pediatric,Tablet,60,298,2.3,0.04,Yes,304.62,21.0
Mozambique,From RDC,Truck,Adult,Tablet,60,28168,8.26,0.14,Yes,6025.73,318.0
Zambia,From RDC,Truck,Adult,Tablet,60,54470,2.21,0.04,Yes,9527.17,3360.0
Ethiopia,From RDC,Air,Adult,Tablet,60,9200,5.73,0.1,Yes,2633.57,668.0
Uganda,From RDC,Truck,Adult,Tablet,30,7441,8.23,0.27,Yes,4376.56,656.0
Others,Direct Drop,Air,HIV test,Test kit,20,5,27.0,1.35,Yes,283.21,1.0
Ethiopia,Direct Drop,Air,Adult,Tablet,60,15000,2.38,0.04,Yes,2949.1,780.0
Vietnam,Direct Drop,Air,Adult,Tablet,270,1000,9.1,0.61,Yes,7828.28,254.0
Zambia,From RDC,Air,Pediatric,Oral,300,630,41.1,0.14,Yes,4522.03,83.0
Côte d'Ivoire,From RDC,Air,Adult,Capsule,270,252,9.1,0.29,Yes,14182.54,1736.0
Zambia,From RDC,Air,Adult,Tablet,60,5000,35.5,0.59,Yes,1684.15,239.0
Haiti,Direct Drop,Air,Adult,Tablet,60,120,55.5,0.92,Yes,260.0,11.0
Zambia,From RDC,Air,Pediatric,Capsule,90,604,16.0,0.18,Yes,723.59,72.0
Tanzania,From RDC,Air,Adult,Tablet,60,58086,9.5,0.16,Yes,9001.03,8343.0
Zambia,From RDC,Truck,Pediatric,Capsule,90,680,15.26,0.17,No,17384.76,1237.0
Mozambique,From RDC,Air,Pediatric,Capsule,90,409,32.4,0.36,Yes,348.09,45.0
Uganda,From RDC,Air,Adult,Tablet,120,220,41.1,0.34,Yes,1359.4,50.0
Uganda,From RDC,Air,Pediatric,Oral,240,14668,2.1,0.01,Yes,7876.44,5511.0
Côte d'Ivoire,From RDC,Air,Adult,Tablet,60,9000,7.5,0.12,Yes,3205.0,992.0
Rwanda,From RDC,Truck,Adult,Tablet,30,73467,4.64,0.15,Yes,26620.36,1237.0
Nigeria,From RDC,Air Charter,Adult,Tablet,60,12000,8.58,0.14,Yes,20225.07,1749.0
Zimbabwe,From RDC,Truck,Pediatric,Tablet,60,12080,1.95,0.03,Yes,12867.46,1237.0
Others,Direct Drop,Air,HIV test,Test kit,100,8276,9.1,0.89,Yes,23226.6,2050.0
Zambia,From RDC,Truck,Adult,Tablet,60,32920,2.33,0.04,Yes,16868.38,1237.0
Nigeria,From RDC,Air Charter,Adult,Tablet,60,4000,7.72,0.13,Yes,36027.0,1237.0
Nigeria,From RDC,Air Charter,Pediatric,Tablet,60,6398,2.26,0.04,Yes,26340.0,394.0
Others,Direct Drop,Air,Pediatric,Capsule,30,38584,1.56,0.05,Yes,21807.62,2773.0
Côte d'Ivoire,From RDC,Air,Adult,Tablet,60,1060,3.8,0.06,Yes,1211.48,56.0
Côte d'Ivoire,Direct Drop,Air,Pediatric,Oral,180,3355,16.96,0.09,Yes,2530.73,1006.0
Côte d'Ivoire,From RDC,Truck,Adult,Tablet,30,2832,4.82,0.16,Yes,1984.83,159.0
Haiti,From RDC,Air,Pediatric,Oral,240,5110,1.93,0.01,Yes,14866.14,1840.0
Tanzania,From RDC,Truck,Pediatric,Tablet,60,9312,2.3,0.04,Yes,4847.8,1221.0
Vietnam,Direct Drop,Air,Adult,Tablet,120,4951,9.1,0.68,Yes,8108.91,1232.0
Côte d'Ivoire,From RDC,Air,Adult,Capsule,60,2070,1.4,0.02,Yes,1653.99,176.0
Vietnam,Direct Drop,Air,Adult,Tablet,30,3696,6.75,0.22,Yes,4885.33,314.0
Uganda,From RDC,Air,Adult,Tablet,60,72107,9.81,0.16,Yes,81100.77,1237.0
Nigeria,From RDC,Air Charter,Adult,Tablet,60,100000,11.22,0.19,No,43548.0,1237.0
Côte d'Ivoire,From RDC,Air,Adult,Tablet,60,3300,44.5,0.74,Yes,10137.04,2143.0
South Africa,Direct Drop,Air,Adult,Tablet,30,38890,7.82,0.26,Yes,3908.55,2649.0
Others,Direct Drop,Air,HIV test,Test kit,20,700,32.0,0.16,Yes,6862.01,236.0
Mozambique,From RDC,Air,Pediatric,Oral,240,650,3.95,0.02,Yes,478.51,193.0
South Africa,Direct Drop,Ocean,Pediatric,Capsule,90,25000,8.17,0.09,Yes,4689.6,3313.0
Others,From RDC,Air,Adult,Tablet,30,2816,5.5,0.18,Yes,1474.9,231.0
Nigeria,From RDC,Air Charter,Adult,Tablet,30,336,4.75,0.16,Yes,9736.1,30.0
Côte d'Ivoire,From RDC,Air,Pediatric,Tablet,60,2296,15.0,0.25,Yes,17941.46,1237.0
Mozambique,From RDC,Air,Adult,Tablet,30,25913,16.75,0.56,No,9869.55,9006.0
Vietnam,Direct Drop,Air,Adult,Tablet,60,9023,2.43,0.04,Yes,18473.57,5359.0
Zimbabwe,From RDC,Truck,Adult,Tablet,60,4000,3.4,0.06,Yes,3302.14,632.0
Ethiopia,Direct Drop,Air,Adult,Tablet,120,14498,33.6,0.28,Yes,16359.2,3685.0
Côte d'Ivoire,From RDC,Truck,Adult,Tablet,30,2160,5.5,0.18,Yes,6009.47,1122.0
Nigeria,From RDC,Air Charter,Adult,Tablet,60,25281,11.4,0.19,Yes,9341.49,2847.0
Mozambique,Direct Drop,Air,HIV test - Ancillary,Test kit,1,215,5.0,0.16,Yes,1001.02,41.0
Others,From RDC,Air,Adult,Tablet,60,487,7.27,0.12,No,12862.56,1283.0
Others,From RDC,Air,Adult,Tablet,60,67,2.33,0.04,Yes,491.42,4.0
Côte d'Ivoire,From RDC,Truck,Adult,Tablet,30,72300,3.33,0.11,Yes,18607.76,4392.0
Nigeria,From RDC,Air Charter,Adult,Tablet,30,19356,13.49,0.45,Yes,7009.0,1960.0
Haiti,Direct Drop,Air,Adult,Tablet,60,3600,1.8,0.03,Yes,2612.79,216.0
Côte d'Ivoire,Direct Drop,Air,Pediatric,Tablet,60,4245,9.5,0.16,Yes,1134.5,833.0
Others,From RDC,Air,Adult,Tablet,30,72029,4.22,0.14,Yes,28541.79,7682.0
Zambia,From RDC,Truck,Adult,Tablet,60,57984,2.33,0.04,Yes,7317.47,3144.0
Haiti,Direct Drop,Air,HIV test,Test kit,100,33,9.1,0.98,Yes,1011.6,8.0
Côte d'Ivoire,From RDC,Air,Adult,Capsule,60,1080,1.75,0.03,Yes,8787.28,4668.0
Nigeria,From RDC,Air Charter,Adult,Tablet,60,100000,8.58,0.14,Yes,49199.75,1237.0
South Africa,Direct Drop,Ocean,Adult,Tablet,60,5360,2.72,0.05,Yes,5824.11,583.0
Others,From RDC,Air,Adult,Tablet,30,4032,3.33,0.11,Yes,4385.44,336.0
Uganda,Direct Drop,Air,Pediatric,Tablet,60,4250,8.04,0.13,Yes,1488.99,424.0
Zambia,Direct Drop,Air,HIV test,Test kit,20,8000,32.0,0.16,Yes,14581.51,2328.0
Zambia,From RDC,Air,Pediatric,Capsule,90,2066,16.0,0.18,Yes,1448.2,236.0
South Africa,Direct Drop,Air,Pediatric,Oral,240,11628,3.0,0.01,Yes,2154.52,4382.0
Haiti,From RDC,Air,Pediatric,Oral,240,1951,2.1,0.01,No,161712.87,1237.0
Zambia,From RDC,Air,Adult,Tablet,60,32017,3.9,0.06,Yes,3210.18,2353.0
Mozambique,From RDC,Air,Adult,Tablet,30,43563,3.33,0.11,Yes,28602.94,4122.0
Haiti,Direct Drop,Air,Pediatric,Tablet,30,2894,1.25,0.04,Yes,12749.39,1486.0
Mozambique,Direct Drop,Air,HIV test,Test kit,20,286,32.0,0.16,Yes,1088.93,88.0
Others,Direct Drop,Air,HIV test,Test kit,100,4484,9.1,0.8,Yes,21689.39,1948.0
Tanzania,From RDC,Truck,Adult,Tablet,30,80,5.5,0.18,Yes,3549.9,841.0
Tanzania,From RDC,Truck,Adult,Tablet,30,68235,19.92,0.66,Yes,2094.34,83.0
Côte d'Ivoire,From RDC,Air,Pediatric,Tablet,60,3968,15.5,0.26,Yes,8815.65,842.0
Côte d'Ivoire,From RDC,Truck,Adult,Tablet,60,24765,8.11,0.14,Yes,11438.93,2751.0
Mozambique,Direct Drop,Air,HIV test,Test kit,20,427,32.0,0.16,Yes,3165.69,149.0
Côte d'Ivoire,Direct Drop,Air,Adult,Tablet,120,16695,33.7,0.28,Yes,30130.82,4113.0
Uganda,Direct Drop,Air,Adult,Tablet,60,579,6.85,0.11,Yes,1393.29,103.0
Rwanda,Direct Drop,Air,HIV test,Test kit,1,2072,24.5,0.16,Yes,18323.97,1383.0
Ethiopia,Direct Drop,Air,HIV test,Test kit,20,2500,32.0,0.16,Yes,8101.57,844.0
Zimbabwe,From RDC,Truck,Adult,Tablet,60,3180,8.15,0.14,Yes,1593.48,182.0
Zambia,From RDC,Truck,Adult,Tablet,60,2548,15.04,0.25,Yes,361.73,257.0
Zambia,From RDC,Truck,Adult,Tablet,30,100000,26.25,0.88,Yes,11519.94,1237.0
Rwanda,Direct Drop,Air,HIV test,Test kit,20,873,32.0,0.16,Yes,6318.92,296.0
Haiti,From RDC,Air,Adult,Capsule,60,4725,1.52,0.03,Yes,12508.65,1154.0
Rwanda,Direct Drop,Air,HIV test,Test kit,100,1500,9.1,0.72,Yes,9479.89,340.0
Zambia,From RDC,Truck,Adult,Tablet,60,7130,5.44,0.09,No,1765.18,1228.0
Côte d'Ivoire,From RDC,Air,Adult,Tablet,60,4374,8.52,0.14,Yes,1432.0,230.0
Others,Direct Drop,Air,Adult,Tablet,30,24672,4.62,0.15,Yes,12463.74,2631.0
Uganda,Direct Drop,Air,Adult,Tablet,30,170,22.5,0.75,Yes,1051.5,22.0
Nigeria,From RDC,Air Charter,Pediatric,Tablet,60,2085,4.0,0.07,Yes,30936.1,122.0
Uganda,From RDC,Truck,Adult,Tablet,120,8517,29.68,0.25,Yes,15761.76,2078.0
Zimbabwe,From RDC,Truck,Adult,Tablet,120,8599,21.78,0.18,Yes,4529.67,2293.0
Tanzania,From RDC,Air,Adult,Tablet,30,15331,4.45,0.15,Yes,18390.42,4729.0
Vietnam,Direct Drop,Air,Adult,Tablet,30,63421,4.3,0.14,Yes,13241.08,5101.0
Zambia,Direct Drop,Air,HIV test,Test kit,100,2870,9.1,0.8,Yes,25037.09,1368.0
Uganda,Direct Drop,Air,HIV test,Test kit,100,2500,9.1,0.8,Yes,8399.6,1010.0
Zambia,From RDC,Truck,Adult,Tablet,60,27452,15.04,0.25,Yes,11292.05,3898.0
Nigeria,From RDC,Air Charter,Adult,Tablet,60,22790,7.27,0.12,Yes,29780.5,1237.0
South Africa,Direct Drop,Ocean,Adult,Tablet,30,146670,6.65,0.22,Yes,15213.22,1237.0
Nigeria,From RDC,Air Charter,Adult,Tablet,30,100000,6.38,0.21,Yes,29780.5,8850.0
Vietnam,Direct Drop,Air,Adult,Tablet,30,7245,3.25,0.11,Yes,1226.11,622.0
Zambia,From RDC,Air,Adult,Tablet,60,8905,35.8,0.6,Yes,13094.69,3139.0
Zambia,From RDC,Air,Pediatric,Capsule,90,1093,15.26,0.17,Yes,1759.21,133.0
Others,From RDC,Air,Adult,Tablet,120,1634,20.22,0.17,No,1303.0,395.0
Nigeria,Direct Drop,Air,HIV test,Test kit,20,7500,27.0,1.35,Yes,15893.71,2278.0
Vietnam,Direct Drop,Air,Adult,Tablet,60,13570,1.84,0.03,Yes,1646.5,568.0
Mozambique,Direct Drop,Air,HIV test,Test kit,20,5673,32.0,0.16,Yes,10780.63,1674.0
Others,From RDC,Air,Adult,Tablet,120,200,20.04,0.17,Yes,1621.53,53.0
Ethiopia,Direct Drop,Air,HIV test,Test kit,1,1044,23.0,0.16,Yes,6267.38,754.0
Tanzania,Direct Drop,Air,Pediatric,Tablet,60,5273,5.94,0.1,Yes,4835.39,668.0
Nigeria,From RDC,Air Charter,Adult,Tablet,30,27314,26.25,0.88,Yes,7329.83,2363.0
Tanzania,Direct Drop,Ocean,Adult,Tablet,30,163929,12.49,0.42,Yes,20312.64,1237.0
Zimbabwe,From RDC,Truck,Adult,Tablet,60,23090,2.26,0.04,Yes,11133.66,394.0
Others,Direct Drop,Air,HIV test,Test kit,100,20,9.1,0.16,Yes,684.42,48.0
Others,From RDC,Air,Pediatric,Tablet,90,71,9.3,0.1,Yes,1303.0,395.0
Côte d'Ivoire,From RDC,Air,Adult,Tablet,60,100000,10.29,0.17,Yes,23994.1,1237.0
Nigeria,From RDC,Air,Adult,Capsule,60,948,1.55,0.03,Yes,4984.4,127.0
Nigeria,From RDC,Air Charter,Adult,Tablet,60,154667,11.22,0.19,Yes,12601.06,1237.0
Zambia,From RDC,Air,Adult,Tablet,60,6580,2.33,0.04,Yes,4658.75,579.0
Others,Direct Drop,Air,HIV test,Test kit,100,1436,9.1,0.72,Yes,6687.51,327.0
Nigeria,From RDC,Air Charter,Adult,Tablet,60,15000,11.22,0.19,Yes,6147.18,1972.0
Ethiopia,From RDC,Air,Adult,Tablet,30,591,17.0,0.57,Yes,504.0,37.0
Tanzania,From RDC,Air,Adult,Tablet,30,5000,12.01,0.4,Yes,1188.97,379.0
Vietnam,Direct Drop,Air,Adult,Tablet,30,4500,6.45,0.22,Yes,4890.38,320.0
Côte d'Ivoire,From RDC,Air,Adult,Tablet,60,1873,44.5,0.74,No,25563.0,1237.0
Rwanda,From RDC,Air,Pediatric,Capsule,90,993,8.64,0.1,Yes,1675.0,126.0
Zambia,From RDC,Truck,Adult,Tablet,60,2548,12.96,0.22,Yes,11188.53,3090.0
Haiti,Direct Drop,Ocean,Pediatric,Tablet,60,2550,1.99,0.03,Yes,5215.49,199.0
Mozambique,From RDC,Air,Adult,Capsule,270,168,9.1,0.3,Yes,1139.5,85.0
Uganda,From RDC,Truck,Adult,Tablet,60,22783,2.42,0.04,Yes,6265.36,1285.0
Tanzania,Direct Drop,Air,Adult,Capsule,30,2597,23.67,0.79,Yes,645.1,117.0
Haiti,Direct Drop,Air,Pediatric,Tablet,60,408,1.9,0.03,Yes,304.63,26.0
Uganda,Direct Drop,Air,Pediatric,Capsule,30,56,2.0,0.07,No,1021.34,8.0
Others,Direct Drop,Air,Adult,Tablet,120,1324,9.1,0.68,Yes,2171.57,334.0
Vietnam,Direct Drop,Air,Adult,Tablet,60,151,15.89,0.26,Yes,7488.39,749.0
Uganda,From RDC,Truck,Adult,Tablet,60,1600,2.9,0.05,Yes,1601.5,157.0
South Africa,Direct Drop,Air,Adult,Tablet,30,1110,7.82,0.26,Yes,916.22,76.0
Rwanda,Direct Drop,Air,Pediatric,Tablet,60,182,9.5,0.16,Yes,86.4,40.0
Others,From RDC,Air,Adult,Tablet,60,2197,7.02,0.12,No,5636.3,1072.0
Zambia,Direct Drop,Air,HIV test,Test kit,100,2807,9.1,0.72,Yes,20067.34,1360.0
Vietnam,Direct Drop,Air,Adult,Tablet,270,200,9.1,0.61,Yes,13981.96,54.0
Nigeria,From RDC,Air Charter,Adult,Tablet,60,183995,7.72,0.13,No,51645.79,1237.0
Zambia,Direct Drop,Air,Adult,Tablet,60,100000,2.18,0.04,Yes,34182.97,6304.0
Uganda,From RDC,Air,Adult,Tablet,30,5009,13.96,0.47,Yes,6637.16,467.0
Others,Direct Drop,Air,Pediatric,Oral,300,480,30.82,0.1,Yes,4281.43,492.0
Vietnam,Direct Drop,Air,Adult,Tablet,60,100,15.74,0.26,Yes,3896.68,10.0
Côte d'Ivoire,From RDC,Air,Adult,Tablet,60,42750,11.35,0.19,Yes,7100.04,4814.0
Uganda,From RDC,Truck,Pediatric,Tablet,60,1731,2.26,0.04,Yes,936.81,76.0
Rwanda,Direct Drop,Air,Pediatric,Oral,300,255,30.82,0.1,Yes,2455.7,253.0
Mozambique,From RDC,Air,Adult,Tablet,30,17037,3.33,0.11,Yes,9758.5,1750.0
Vietnam,Direct Drop,Air,Adult,Capsule,336,18,9.1,0.61,Yes,3785.84,55.0
Uganda,From RDC,Air,Adult,Tablet,30,17550,4.75,0.16,Yes,4600.45,1325.0
Mozambique,From RDC,Air,Adult,Capsule,180,840,50.0,0.28,No,10879.28,7341.0
Uganda,Direct Drop,Air,HIV test,Test kit,20,750,32.0,0.16,Yes,1899.22,242.0
Côte d'Ivoire,From RDC,Air,Pediatric,Capsule,100,2604,4.84,0.05,Yes,1702.91,675.0
Haiti,From RDC,Air,Adult,Tablet,60,1980,1.99,0.03,No,161712.87,1237.0
Côte d'Ivoire,From RDC,Air,Pediatric,Oral,240,2917,1.92,0.01,Yes,5233.52,1348.0
Haiti,From RDC,Air,Adult,Tablet,120,240,41.1,0.34,Yes,1422.32,52.0
Tanzania,From RDC,Air,Adult,Tablet,60,11352,2.91,0.05,Yes,4152.56,572.0
Côte d'Ivoire,From RDC,Air,Adult,Tablet,60,40411,7.5,0.12,Yes,17587.0,7185.0
Zimbabwe,Direct Drop,Air Charter,Adult,Tablet,30,42192,4.62,0.15,Yes,25682.65,4584.0
Uganda,From RDC,Air,Adult,Tablet,60,74896,2.18,0.04,Yes,41735.0,7183.0
Mozambique,From RDC,Air,Adult,Tablet,60,125000,7.2,0.12,Yes,3671.92,1237.0
Rwanda,From RDC,Truck,Pediatric,Oral,240,2216,1.86,0.01,Yes,4609.68,1412.0
Others,Direct Drop,Air,HIV test,Test kit,100,507,9.1,0.72,Yes,4400.85,67.0
South Africa,Direct Drop,Ocean,Pediatric,Oral,240,27910,2.12,0.01,Yes,3961.7,1237.0
Mozambique,From RDC,Truck,Adult,Tablet,30,800,3.78,0.13,Yes,166.96,64.0
